Order_ID,Date,Product,Category,City,Quantity,Unit_Price,Revenue,Customer_ID
ORD0001,2025-04-17,Desk,Furniture,Rawalpindi,4,239.83,959.32,CUST0021
ORD0002,2025-11-27,Desk,Furniture,Lahore,2,204.86,409.72,CUST0088
ORD0003,2025-05-11,Mouse,Accessories,Abbottabad,4,23.21,92.84,CUST0258
ORD0004,2025-07-11,Backpack,Bags,Karachi,4,59.82,239.28,CUST0277
ORD0005,2025-09-10,Laptop,Electronics,Karachi,4,868.98,3475.92,CUST0049
ORD0006,2025-09-28,Notebook,Stationery,,4,8.76,35.04,CUST0175
ORD0007,2025-11-16,Headphones,Electronics,Peshawar,4,80.23,320.92,CUST0131
ORD0008,2025-11-25,Mouse,Accessories,Islamabad,3,25.9,77.7,CUST0089
ORD0009,2025-02-22,Smartphone,Electronics,Islamabad,2,528.51,1057.02,CUST0092
ORD0010,2025-02-04,Desk,Furniture,Abbottabad,4,219.79,879.16,CUST0081
ORD0011,2025-01-02,Keyboard,Accessories,Abbottabad,2,46.46,92.92,CUST0054
ORD0012,2025-07-10,Notebook,Stationery,Islamabad,4,7.5,30.0,CUST0218
ORD0013,2025-09-27,Smartphone,Electronics,Abbottabad,2,593.43,1186.86,CUST0215
ORD0014,2025-07-27,Water Bottle,Lifestyle,Rawalpindi,6,19.3,115.8,CUST0053
ORD0015,2025-07-07,Backpack,Bags,Karachi,2,60.12,120.24,CUST0041
ORD0016,2025-12-10,Laptop,Electronics,Peshawar,1,932.77,932.77,CUST0136
ORD0017,2025-03-22,Backpack,Bags,Lahore,7,58.47,409.29,CUST0289
ORD0018,2025-02-10,Mouse,Accessories,Karachi,2,24.29,48.58,CUST0135
ORD0019,2025-02-17,Water Bottle,Lifestyle,Abbottabad,4,19.32,77.28,CUST0216
ORD0020,2025-08-02,Mouse,Accessories,Lahore,3,25.46,76.38,CUST0035
ORD0021,2025-05-11,Laptop,Electronics,Peshawar,3,785.33,2355.99,CUST0005
ORD0022,2025-12-25,Notebook,Stationery,Lahore,7,8.43,59.01,CUST0207
ORD0023,2025-06-28,Notebook,Stationery,Peshawar,2,7.9,15.8,CUST0052
ORD0024,2025-08-19,Keyboard,Accessories,Rawalpindi,6,41.75,250.5,CUST0143
ORD0025,2025-07-06,Keyboard,Accessories,Lahore,5,41.19,205.95,CUST0086
ORD0026,2025-05-14,Smartphone,Electronics,Karachi,2,583.89,1167.78,CUST0028
ORD0027,2025-05-08,Keyboard,Accessories,Islamabad,6,48.45,290.7,CUST0231
ORD0028,2025-05-01,Laptop,Electronics,Karachi,1,803.75,803.75,CUST0233
ORD0029,2025-05-17,Headphones,Electronics,Abbottabad,7,74.63,522.41,CUST0165
ORD0030,2025-06-01,Laptop,Electronics,Lahore,3,810.8,2432.4,CUST0160
ORD0031,2025-11-14,Backpack,Bags,Peshawar,1,53.94,53.94,CUST0052
ORD0032,2025-04-11,Desk,Furniture,Peshawar,2,229.34,458.68,CUST0081
ORD0033,2025-02-23,Laptop,Electronics,Rawalpindi,2,850.46,1700.92,CUST0224
ORD0034,2025-05-10,Laptop,Electronics,Rawalpindi,1,805.73,805.73,CUST0172
ORD0035,2025-11-20,Notebook,Stationery,Lahore,6,7.59,45.54,CUST0184
ORD0036,2025-11-21,Laptop,Electronics,Karachi,7,901.53,6310.71,CUST0098
ORD0037,2025-08-28,Office Chair,Furniture,Peshawar,6,181.29,1087.74,CUST0201
ORD0038,2025-09-09,Office Chair,Furniture,Lahore,5,192.9,964.5,CUST0147
ORD0039,2025-05-08,Keyboard,Accessories,Islamabad,7,42.07,294.49,CUST0129
ORD0040,2025-10-25,Water Bottle,Lifestyle,Lahore,1,18.84,18.84,CUST0263
ORD0041,2025-01-02,Notebook,Stationery,Peshawar,1,8.03,8.03,CUST0254
ORD0042,2025-01-09,Mouse,Accessories,Peshawar,5,26.91,134.55,CUST0099
ORD0043,2025-02-23,Headphones,Electronics,Peshawar,3,85.7,257.1,CUST0116
ORD0044,2025-12-06,Laptop,Electronics,Abbottabad,4,917.75,3671.0,CUST0227
ORD0045,2025-12-04,Water Bottle,Lifestyle,Islamabad,3,21.89,65.67,CUST0163
ORD0046,2025-10-16,Water Bottle,Lifestyle,Abbottabad,4,20.85,83.4,CUST0277
ORD0047,2025-05-08,Keyboard,Accessories,Peshawar,7,46.99,328.93,CUST0176
ORD0048,2025-08-26,Headphones,Electronics,Abbottabad,6,76.24,457.44,CUST0038
ORD0049,2025-09-21,Office Chair,Furniture,Lahore,5,179.52,897.6,CUST0027
ORD0050,2025-10-11,Smartphone,Electronics,Peshawar,5,550.29,2751.45,CUST0147
ORD0051,2025-01-17,Keyboard,Accessories,Karachi,3,47.42,142.26,CUST0220
ORD0052,2025-08-21,Mouse,Accessories,Rawalpindi,6,24.35,146.1,CUST0280
ORD0053,2025-04-09,Laptop,Electronics,Karachi,6,929.33,5575.98,CUST0116
ORD0054,2025-11-19,Mouse,Accessories,Islamabad,7,23.84,166.88,CUST0281
ORD0055,2025-11-19,Notebook,Stationery,Abbottabad,7,8.55,59.85,CUST0280
ORD0056,2025-05-07,Smartphone,Electronics,Lahore,7,603.91,4227.37,CUST0273
ORD0057,2025-09-03,Backpack,Bags,Rawalpindi,1,51.0,51.0,CUST0170
ORD0058,2025-01-13,Desk,Furniture,Karachi,2,233.64,467.28,CUST0036
ORD0059,2025-05-22,Keyboard,Accessories,Karachi,1,41.14,41.14,CUST0143
ORD0060,2025-12-08,Smartphone,Electronics,Lahore,2,543.23,1086.46,CUST0153
ORD0061,2025-05-30,Notebook,Stationery,Islamabad,7,8.77,61.39,CUST0058
ORD0062,2025-11-22,Office Chair,Furniture,Abbottabad,1,163.34,163.34,CUST0101
ORD0063,2025-04-18,Laptop,Electronics,Rawalpindi,5,811.16,4055.8,CUST0103
ORD0064,2025-12-16,Keyboard,Accessories,Lahore,6,40.97,245.82,CUST0144
ORD0065,2025-05-27,Smartphone,Electronics,Peshawar,4,573.61,2294.44,CUST0120
ORD0066,2025-12-12,Headphones,Electronics,Rawalpindi,4,83.9,335.6,CUST0117
ORD0067,2025-05-09,Desk,Furniture,Islamabad,7,228.62,1600.34,CUST0122
ORD0068,2025-05-06,Laptop,Electronics,Abbottabad,7,807.54,5652.78,CUST0048
ORD0069,2025-09-29,Water Bottle,Lifestyle,Rawalpindi,5,19.12,95.6,CUST0192
ORD0070,2025-03-17,Mouse,Accessories,Islamabad,6,26.15,156.9,CUST0144
ORD0071,2025-10-12,Headphones,Electronics,Abbottabad,5,73.92,369.6,CUST0220
ORD0072,2025-08-26,Mouse,Accessories,Abbottabad,7,22.7,158.9,CUST0204
ORD0073,2025-02-08,Notebook,Stationery,Karachi,2,7.99,15.98,CUST0289
ORD0074,2025-09-03,Mouse,Accessories,Rawalpindi,7,22.74,159.18,CUST0100
ORD0075,2025-09-07,Smartphone,Electronics,Lahore,4,536.21,2144.84,CUST0096
ORD0076,2025-01-16,Laptop,Electronics,Islamabad,5,881.27,4406.35,CUST0160
ORD0077,2025-02-02,Keyboard,Accessories,Peshawar,4,43.99,175.96,CUST0179
ORD0078,2025-06-17,Mouse,Accessories,Islamabad,4,24.43,97.72,CUST0043
ORD0079,2025-02-04,Smartphone,Electronics,Peshawar,5,505.39,2526.95,CUST0090
ORD0080,2025-03-31,Backpack,Bags,Abbottabad,5,58.79,293.95,CUST0115
ORD0081,2025-04-24,Water Bottle,Lifestyle,Rawalpindi,7,18.47,129.29,CUST0075
ORD0082,2025-09-06,Backpack,Bags,Karachi,4,54.1,216.4,CUST0192
ORD0083,2025-02-05,Headphones,Electronics,Islamabad,1,83.71,83.71,CUST0096
ORD0084,2025-02-06,Backpack,Bags,Karachi,7,59.74,418.18,CUST0183
ORD0085,2025-10-13,Desk,Furniture,Peshawar,1,208.48,208.48,CUST0062
ORD0086,2025-07-06,Keyboard,Accessories,Lahore,1,43.38,43.38,CUST0177
ORD0087,2025-03-17,Keyboard,Accessories,Peshawar,4,49.13,196.52,CUST0284
ORD0088,2025-05-24,Keyboard,Accessories,Rawalpindi,3,44.94,134.82,CUST0069
ORD0089,2025-02-22,Headphones,Electronics,Peshawar,4,77.26,309.04,CUST0039
ORD0090,2025-08-11,Mouse,Accessories,Islamabad,2,27.37,54.74,CUST0133
ORD0091,2025-11-27,Headphones,Electronics,Islamabad,7,80.73,565.11,CUST0239
ORD0092,2025-09-10,Water Bottle,Lifestyle,Abbottabad,2,21.35,42.7,CUST0007
ORD0093,2025-10-10,Backpack,Bags,Islamabad,2,53.86,107.72,CUST0194
ORD0094,2025-12-05,Mouse,Accessories,Rawalpindi,5,22.92,114.6,CUST0145
ORD0095,2025-10-19,Desk,Furniture,Abbottabad,1,224.04,224.04,CUST0252
ORD0096,2025-06-16,Headphones,Electronics,Lahore,5,78.05,390.25,CUST0202
ORD0097,2025-06-22,Notebook,Stationery,Rawalpindi,3,7.38,22.14,CUST0242
ORD0098,2025-11-13,Notebook,Stationery,Peshawar,4,7.39,29.56,CUST0001
ORD0099,2025-07-10,Headphones,Electronics,Karachi,5,75.8,379.0,CUST0117
ORD0100,2025-06-09,Office Chair,Furniture,Rawalpindi,2,162.44,324.88,CUST0149
ORD0101,2025-08-17,Office Chair,Furniture,Karachi,5,197.75,988.75,CUST0227
ORD0102,2025-02-16,Headphones,Electronics,Peshawar,4,73.21,292.84,CUST0014
ORD0103,2025-09-16,Laptop,Electronics,Peshawar,5,883.48,4417.4,CUST0012
ORD0104,2025-06-05,Notebook,Stationery,Rawalpindi,6,7.93,47.58,CUST0008
ORD0105,2025-05-16,Notebook,Stationery,Islamabad,4,8.23,32.92,CUST0178
ORD0106,2025-05-25,Mouse,Accessories,Peshawar,1,23.8,23.8,CUST0212
ORD0107,2025-09-13,Headphones,Electronics,Rawalpindi,5,87.05,435.25,CUST0010
ORD0108,2025-12-31,Backpack,Bags,Rawalpindi,6,59.03,354.18,CUST0119
ORD0109,2025-05-26,Backpack,Bags,Peshawar,1,58.05,58.05,CUST0267
ORD0110,2025-12-08,Mouse,Accessories,Lahore,2,24.4,48.8,CUST0283
ORD0111,2025-04-15,Laptop,Electronics,Lahore,5,775.8,3879.0,CUST0006
ORD0112,2025-12-24,Laptop,Electronics,Lahore,5,934.95,4674.75,CUST0023
ORD0113,2025-03-24,Mouse,Accessories,Peshawar,5,27.22,136.1,CUST0085
ORD0114,2025-06-22,Water Bottle,Lifestyle,Rawalpindi,6,19.01,114.06,CUST0260
ORD0115,2025-02-03,Laptop,Electronics,Karachi,1,893.69,893.69,CUST0095
ORD0116,2025-06-11,Backpack,Bags,Abbottabad,7,56.89,398.23,CUST0118
ORD0117,2025-02-23,Headphones,Electronics,Karachi,3,76.92,230.76,CUST0222
ORD0118,2025-10-30,Water Bottle,Lifestyle,Rawalpindi,1,18.54,18.54,CUST0066
ORD0119,2025-09-09,Headphones,Electronics,Islamabad,7,74.18,519.26,CUST0294
ORD0120,2025-12-01,Smartphone,Electronics,Lahore,2,565.03,1130.06,CUST0249
ORD0121,2025-01-30,Office Chair,Furniture,Islamabad,1,190.21,190.21,CUST0051
ORD0122,2025-05-18,Laptop,Electronics,Peshawar,5,900.4,4502.0,CUST0273
ORD0123,2025-02-22,Keyboard,Accessories,Islamabad,5,49.32,246.6,CUST0205
ORD0124,2025-07-02,Headphones,Electronics,Lahore,7,74.06,518.42,CUST0008
ORD0125,2025-07-14,Keyboard,Accessories,Lahore,4,43.61,174.44,CUST0155
ORD0126,2025-10-04,Smartphone,Electronics,Rawalpindi,5,516.15,2580.75,CUST0092
ORD0127,2025-11-22,Notebook,Stationery,Peshawar,5,7.25,36.25,CUST0133
ORD0128,2025-02-03,Water Bottle,Lifestyle,Peshawar,4,18.83,75.32,CUST0078
ORD0129,2025-10-09,Notebook,Stationery,Peshawar,5,7.71,38.55,CUST0047
ORD0130,2025-12-16,Water Bottle,Lifestyle,Lahore,6,18.33,109.98,CUST0048
ORD0131,2025-01-08,Laptop,Electronics,Peshawar,2,912.61,1825.22,CUST0253
ORD0132,2025-02-25,Keyboard,Accessories,Abbottabad,7,45.33,317.31,CUST0014
ORD0133,2025-08-04,Notebook,Stationery,Islamabad,4,7.79,31.16,CUST0154
ORD0134,2025-04-21,Backpack,Bags,Abbottabad,3,57.35,172.05,CUST0239
ORD0135,2025-01-15,Smartphone,Electronics,Peshawar,2,533.96,1067.92,CUST0119
ORD0136,2025-09-30,Mouse,Accessories,Abbottabad,4,22.6,90.4,CUST0126
ORD0137,2025-01-25,Water Bottle,Lifestyle,Karachi,1,19.37,19.37,CUST0067
ORD0138,2025-08-16,Water Bottle,Lifestyle,Abbottabad,5,19.92,99.6,CUST0034
ORD0139,2025-02-11,Backpack,Bags,Peshawar,1,55.71,55.71,CUST0101
ORD0140,2025-08-14,Office Chair,Furniture,Lahore,4,185.25,741.0,CUST0229
ORD0141,2025-10-04,Water Bottle,Lifestyle,Abbottabad,1,18.03,18.03,CUST0070
ORD0142,2025-11-14,Desk,Furniture,Abbottabad,4,235.44,941.76,CUST0095
ORD0143,2025-08-31,Backpack,Bags,Rawalpindi,7,58.77,411.39,CUST0036
ORD0144,2025-08-08,Backpack,Bags,Lahore,7,59.36,415.52,CUST0004
ORD0145,2025-03-03,Office Chair,Furniture,Peshawar,6,171.28,1027.68,CUST0194
ORD0146,2025-10-27,Backpack,Bags,Rawalpindi,2,52.58,105.16,CUST0118
ORD0147,2025-01-20,Keyboard,Accessories,Peshawar,3,42.3,126.9,CUST0140
ORD0148,2025-02-07,Laptop,Electronics,Rawalpindi,2,895.52,1791.04,CUST0139
ORD0149,2025-06-10,Keyboard,Accessories,Abbottabad,5,45.29,226.45,CUST0178
ORD0150,2025-05-18,Backpack,Bags,Karachi,2,55.53,111.06,CUST0013
ORD0151,2025-11-15,Backpack,Bags,Rawalpindi,2,50.47,100.94,CUST0273
ORD0152,2025-02-07,Water Bottle,Lifestyle,Lahore,3,19.89,59.67,CUST0094
ORD0153,2025-08-24,Laptop,Electronics,Islamabad,5,906.21,4531.05,CUST0137
ORD0154,2025-01-01,Smartphone,Electronics,Abbottabad,4,536.72,2146.88,CUST0060
ORD0155,2025-09-27,Backpack,Bags,Karachi,3,58.25,174.75,CUST0286
ORD0156,2025-12-05,Headphones,Electronics,Lahore,5,74.98,374.9,CUST0078
ORD0157,2025-08-25,Notebook,Stationery,Islamabad,6,7.77,46.62,CUST0089
ORD0158,2025-10-15,Smartphone,Electronics,Lahore,7,573.52,4014.64,CUST0125
ORD0159,2025-05-23,Office Chair,Furniture,Peshawar,1,188.91,188.91,CUST0153
ORD0160,2025-11-05,Laptop,Electronics,Lahore,1,831.55,831.55,CUST0039
ORD0161,2025-06-28,Headphones,Electronics,Islamabad,6,87.04,522.24,CUST0015
ORD0162,2025-06-06,Laptop,Electronics,Abbottabad,4,891.05,3564.2,CUST0097
ORD0163,2025-09-11,Mouse,Accessories,Karachi,3,26.22,78.66,CUST0086
ORD0164,2025-11-26,Smartphone,Electronics,Peshawar,2,549.34,1098.68,CUST0118
ORD0165,2025-08-16,Office Chair,Furniture,Rawalpindi,50,165.98,8299.0,CUST0216
ORD0166,2025-09-18,Keyboard,Accessories,Rawalpindi,7,47.68,333.76,CUST0047
ORD0167,2025-04-05,Keyboard,Accessories,Lahore,4,47.45,189.8,CUST0243
ORD0168,2025-10-10,Keyboard,Accessories,Rawalpindi,4,46.95,187.8,CUST0148
ORD0169,2025-01-23,Notebook,Stationery,Islamabad,6,7.56,45.36,CUST0218
ORD0170,2025-04-21,Backpack,Bags,Karachi,6,50.61,303.66,CUST0171
ORD0171,2025-10-20,Keyboard,Accessories,Islamabad,4,47.61,190.44,CUST0092
ORD0172,2025-01-29,Notebook,Stationery,Abbottabad,1,7.88,7.88,CUST0296
ORD0173,2025-09-14,Water Bottle,Lifestyle,Abbottabad,6,21.64,129.84,CUST0101
ORD0174,2025-07-01,Mouse,Accessories,Peshawar,2,26.69,53.38,CUST0001
ORD0175,2025-05-29,Office Chair,Furniture,Peshawar,7,170.19,1191.33,CUST0137
ORD0176,2025-06-03,Notebook,Stationery,Peshawar,4,8.46,33.84,CUST0291
ORD0177,2025-10-21,Keyboard,Accessories,Islamabad,1,48.27,48.27,CUST0210
ORD0178,2025-12-30,Smartphone,Electronics,Lahore,3,544.74,1634.22,CUST0179
ORD0179,2025-07-17,Office Chair,Furniture,Rawalpindi,1,179.94,179.94,CUST0161
ORD0180,2025-05-30,Laptop,Electronics,Islamabad,5,863.7,4318.5,CUST0156
ORD0181,2025-12-03,Smartphone,Electronics,Karachi,5,551.67,2758.35,CUST0177
ORD0182,2025-03-04,Keyboard,Accessories,Rawalpindi,6,48.25,289.5,CUST0049
ORD0183,2025-08-03,Desk,Furniture,Lahore,1,211.64,211.64,CUST0211
ORD0184,2025-05-24,Laptop,Electronics,Lahore,5,829.21,4146.05,CUST0018
ORD0185,2025-07-13,Laptop,Electronics,Abbottabad,6,886.39,5318.34,CUST0113
ORD0186,2025-11-15,Smartphone,Electronics,Karachi,6,556.56,3339.36,CUST0264
ORD0187,2025-09-23,Desk,Furniture,Islamabad,7,231.14,1617.98,CUST0162
ORD0188,2025-10-15,Laptop,Electronics,Islamabad,7,931.42,6519.94,CUST0008
ORD0189,2025-09-12,Laptop,Electronics,Rawalpindi,1,802.74,802.74,CUST0054
ORD0190,2025-02-20,Water Bottle,Lifestyle,Peshawar,7,20.28,141.96,CUST0092
ORD0191,2025-03-29,Backpack,Bags,Abbottabad,2,58.36,116.72,CUST0288
ORD0192,2025-06-14,Backpack,Bags,Abbottabad,6,58.63,351.78,CUST0223
ORD0193,2025-09-20,Desk,Furniture,Peshawar,2,198.57,397.14,CUST0151
ORD0194,2025-02-05,Mouse,Accessories,Rawalpindi,3,23.11,69.33,CUST0188
ORD0195,2025-07-16,Smartphone,Electronics,Karachi,2,595.17,1190.34,CUST0011
ORD0196,2025-04-29,Notebook,Stationery,Karachi,7,7.81,54.67,CUST0020
ORD0197,2025-08-10,Mouse,Accessories,Peshawar,5,24.55,122.75,CUST0226
ORD0198,2025-12-08,Mouse,Accessories,Karachi,4,23.6,94.4,CUST0280
ORD0199,2025-02-28,Laptop,Electronics,Abbottabad,2,861.18,1722.36,CUST0215
ORD0200,2025-01-14,Laptop,Electronics,Peshawar,2,768.82,1537.64,CUST0040
ORD0201,2025-07-20,Smartphone,Electronics,Abbottabad,5,539.28,2696.4,CUST0278
ORD0202,2025-04-19,,Accessories,Islamabad,2,45.23,90.46,CUST0215
ORD0203,2025-05-08,Mouse,Accessories,Rawalpindi,3,26.61,79.83,CUST0042
ORD0204,2025-01-17,Keyboard,Accessories,Rawalpindi,1,42.97,42.97,CUST0153
ORD0205,2025-04-27,Office Chair,Furniture,Islamabad,2,187.93,375.86,CUST0027
ORD0206,2025-06-17,Water Bottle,Lifestyle,Islamabad,7,21.5,150.5,CUST0268
ORD0207,2025-06-22,Water Bottle,Lifestyle,Peshawar,5,18.7,93.5,CUST0190
ORD0208,2025-11-06,Notebook,Stationery,Lahore,6,7.28,43.68,CUST0193
ORD0209,2025-10-09,Headphones,Electronics,Rawalpindi,5,81.65,408.25,CUST0149
ORD0210,2025-04-23,Backpack,Bags,Lahore,3,53.41,160.23,CUST0295
ORD0211,2025-02-24,Backpack,Bags,Abbottabad,3,59.94,179.82,CUST0069
ORD0212,2025-08-27,Backpack,Bags,Karachi,1,52.47,52.47,CUST0227
ORD0213,2025-12-31,Keyboard,Accessories,Lahore,3,48.12,144.36,CUST0201
ORD0214,2025-07-20,Notebook,Stationery,Peshawar,2,7.37,14.74,CUST0129
ORD0215,2025-02-11,Water Bottle,Lifestyle,Peshawar,5,20.75,103.75,CUST0039
ORD0216,2025-04-18,Headphones,Electronics,Karachi,3,73.24,219.72,CUST0102
ORD0217,2025-02-13,Smartphone,Electronics,Lahore,4,534.71,2138.84,CUST0017
ORD0218,2025-10-30,Notebook,Stationery,Karachi,1,7.91,7.91,CUST0080
ORD0219,2025-05-29,Backpack,Bags,Peshawar,3,57.55,172.65,CUST0215
ORD0220,2025-07-19,Mouse,Accessories,Peshawar,6,25.69,154.14,CUST0089
ORD0221,2025-02-16,Notebook,Stationery,Islamabad,1,8.71,8.71,CUST0016
ORD0222,2025-03-27,Desk,Furniture,Islamabad,1,205.95,205.95,CUST0270
ORD0223,2025-06-25,Mouse,Accessories,Islamabad,7,23.99,167.93,CUST0215
ORD0224,2025-04-13,Smartphone,Electronics,Peshawar,7,589.82,4128.74,CUST0014
ORD0225,2025-10-28,Backpack,Bags,Islamabad,3,55.67,167.01,CUST0131
ORD0226,2025-07-02,Mouse,Accessories,Karachi,3,24.2,72.6,CUST0039
ORD0227,2025-07-29,Backpack,Bags,Peshawar,1,55.42,55.42,CUST0016
ORD0228,2025-11-07,Notebook,Stationery,Lahore,4,7.57,30.28,CUST0170
ORD0229,2025-09-26,Smartphone,Electronics,Rawalpindi,6,495.03,2970.18,CUST0274
ORD0230,2025-01-29,Headphones,Electronics,Abbottabad,3,87.97,263.91,CUST0245
ORD0231,2025-09-23,Water Bottle,Lifestyle,,4,21.94,87.76,CUST0065
ORD0232,2025-06-07,Laptop,Electronics,Islamabad,3,844.44,2533.32,CUST0146
ORD0233,2025-03-14,Mouse,Accessories,Peshawar,1,23.89,23.89,CUST0140
ORD0234,2025-07-17,Notebook,Stationery,Abbottabad,5,8.46,42.3,CUST0011
ORD0235,2025-09-17,Smartphone,Electronics,Lahore,1,576.77,576.77,CUST0072
ORD0236,2025-08-31,Keyboard,Accessories,Rawalpindi,5,46.35,231.75,CUST0107
ORD0237,2025-08-29,Smartphone,Electronics,Islamabad,1,519.25,519.25,CUST0259
ORD0238,2025-02-23,Backpack,Bags,Peshawar,6,58.31,349.86,CUST0009
ORD0239,2025-03-02,Headphones,Electronics,Lahore,4,87.92,351.68,CUST0178
ORD0240,2025-01-03,Smartphone,Electronics,Lahore,6,604.6,3627.6,CUST0269
ORD0241,2025-11-25,Backpack,Bags,Karachi,5,55.41,277.05,CUST0098
ORD0242,2025-01-29,Water Bottle,Lifestyle,Peshawar,3,19.09,57.27,CUST0195
ORD0243,2025-01-09,Water Bottle,Lifestyle,Peshawar,2,21.45,42.9,CUST0261
ORD0244,2025-11-24,Smartphone,Electronics,Lahore,4,536.0,2144.0,CUST0176
ORD0245,2025-11-12,Notebook,Stationery,Rawalpindi,2,7.33,14.66,CUST0284
ORD0246,2025-02-09,Mouse,Accessories,Rawalpindi,5,26.76,133.8,CUST0224
ORD0247,2025-02-09,Headphones,Electronics,Islamabad,2,81.14,162.28,CUST0040
ORD0248,2025-12-02,Laptop,Electronics,Karachi,6,853.61,5121.66,CUST0059
ORD0249,2025-12-11,Water Bottle,Lifestyle,Rawalpindi,5,21.35,106.75,CUST0170
ORD0250,2025-07-07,Keyboard,Accessories,Rawalpindi,7,46.79,327.53,CUST0235
ORD0251,2025-01-23,Notebook,Stationery,Islamabad,1,7.25,7.25,CUST0160
ORD0252,2025-03-23,Mouse,Accessories,Karachi,6,27.04,162.24,CUST0258
ORD0253,2025-02-15,Desk,Furniture,Lahore,2,210.63,421.26,CUST0113
ORD0254,2025-12-20,Water Bottle,Lifestyle,Karachi,1,18.46,18.46,CUST0163
ORD0255,2025-03-15,Office Chair,Furniture,Peshawar,3,189.4,568.2,CUST0224
ORD0256,2025-12-01,Smartphone,Electronics,Abbottabad,7,538.14,3766.98,CUST0037
ORD0257,2025-08-30,Office Chair,Furniture,Karachi,4,168.26,673.04,CUST0219
ORD0258,2025-07-12,Laptop,Electronics,Abbottabad,4,776.45,3105.8,CUST0120
ORD0259,2025-06-24,Smartphone,Electronics,Rawalpindi,2,603.92,1207.84,CUST0204
ORD0260,2025-01-07,Keyboard,Accessories,Rawalpindi,3,41.67,125.01,CUST0033
ORD0261,2025-02-27,Office Chair,Furniture,Islamabad,7,179.59,1257.13,CUST0226
ORD0262,2025-02-08,Keyboard,Accessories,Rawalpindi,1,41.42,41.42,CUST0157
ORD0263,2025-03-25,Keyboard,Accessories,Abbottabad,2,47.46,94.92,CUST0027
ORD0264,2025-04-02,Headphones,Electronics,Rawalpindi,1,87.41,87.41,CUST0021
ORD0265,2025-05-27,Mouse,Accessories,Peshawar,3,27.32,81.96,CUST0257
ORD0266,2025-06-11,Notebook,Stationery,Rawalpindi,4,8.36,33.44,CUST0163
ORD0267,2025-10-01,Laptop,Electronics,Karachi,1,886.54,886.54,CUST0208
ORD0268,2025-05-25,Backpack,Bags,Rawalpindi,4,51.54,206.16,CUST0008
ORD0269,2025-12-15,Smartphone,Electronics,Karachi,4,496.96,1987.84,CUST0181
ORD0270,2025-02-15,Backpack,Bags,Peshawar,4,60.14,240.56,CUST0222
ORD0271,2025-12-06,Desk,Furniture,Karachi,1,224.72,224.72,CUST0009
ORD0272,2025-08-02,Office Chair,Furniture,Abbottabad,1,167.79,167.79,CUST0117
ORD0273,2025-07-28,Smartphone,Electronics,Rawalpindi,3,603.28,1809.84,CUST0274
ORD0274,2025-06-15,Smartphone,Electronics,Lahore,6,602.22,3613.32,CUST0217
ORD0275,2025-09-24,Laptop,Electronics,Abbottabad,4,897.57,3590.28,CUST0179
ORD0276,2025-02-15,Backpack,Bags,Abbottabad,1,52.16,52.16,CUST0086
ORD0277,2025-08-30,Keyboard,Accessories,Karachi,1,45.54,45.54,CUST0002
ORD0278,2025-03-18,Laptop,Electronics,Karachi,1,915.03,915.03,CUST0154
ORD0279,2025-12-25,Office Chair,Furniture,Islamabad,7,166.78,1167.46,CUST0174
ORD0280,2025-04-16,Notebook,Stationery,Karachi,2,8.51,17.02,CUST0123
ORD0281,2025-12-25,Office Chair,Furniture,Peshawar,1,195.7,195.7,CUST0204
ORD0282,2025-03-25,Backpack,Bags,Abbottabad,2,56.38,112.76,CUST0111
ORD0283,2025-11-10,Desk,Furniture,Abbottabad,3,237.37,712.11,CUST0003
ORD0284,2025-01-12,Water Bottle,Lifestyle,Karachi,4,20.93,83.72,CUST0025
ORD0285,2025-08-26,Headphones,Electronics,Karachi,2,77.26,154.52,CUST0173
ORD0286,2025-07-02,Backpack,Bags,Lahore,5,58.19,290.95,CUST0300
ORD0287,2025-05-30,Smartphone,Electronics,Rawalpindi,6,574.11,3444.66,CUST0059
ORD0288,2025-02-04,Headphones,Electronics,Rawalpindi,4,75.19,300.76,CUST0093
ORD0289,2025-11-28,Office Chair,Furniture,Peshawar,7,169.33,1185.31,CUST0213
ORD0290,2025-10-20,Notebook,Stationery,Karachi,5,8.55,42.75,CUST0220
ORD0291,2025-06-26,Keyboard,Accessories,Lahore,4,40.86,163.44,CUST0096
ORD0292,2025-12-20,Water Bottle,Lifestyle,Karachi,4,18.12,72.48,CUST0066
ORD0293,2025-08-31,Smartphone,Electronics,Lahore,4,541.39,2165.56,CUST0186
ORD0294,2025-08-25,Office Chair,Furniture,Islamabad,5,169.58,847.9,CUST0040
ORD0295,2025-10-09,Mouse,Accessories,Karachi,7,23.68,165.76,CUST0240
ORD0296,2025-11-30,Desk,Furniture,Islamabad,2,208.45,416.9,CUST0293
ORD0297,2025-11-14,Mouse,Accessories,Abbottabad,6,24.96,149.76,CUST0111
ORD0298,2025-05-10,Backpack,Bags,Abbottabad,7,53.45,374.15,CUST0145
ORD0299,2025-06-12,Water Bottle,Lifestyle,Rawalpindi,1,19.6,19.6,CUST0261
ORD0300,2025-10-28,Laptop,Electronics,Lahore,4,787.25,3149.0,CUST0010
ORD0301,2025-04-03,Headphones,Electronics,Islamabad,6,74.72,448.32,CUST0257
ORD0302,2025-01-01,Mouse,Accessories,Peshawar,4,25.44,101.76,CUST0064
ORD0303,2025-04-17,Office Chair,Furniture,Rawalpindi,4,175.66,702.64,CUST0175
ORD0304,2025-04-30,Mouse,Accessories,Karachi,4,24.87,99.48,CUST0156
ORD0305,2025-11-30,Office Chair,Furniture,Islamabad,4,181.44,725.76,CUST0293
ORD0306,2025-04-29,Keyboard,Accessories,Lahore,2,40.85,81.7,CUST0198
ORD0307,2025-06-10,Mouse,Accessories,Peshawar,5,22.94,114.7,CUST0179
ORD0308,2025-08-04,Notebook,Stationery,Lahore,4,8.78,35.12,CUST0299
ORD0309,2025-07-04,Smartphone,Electronics,Lahore,1,565.3,565.3,CUST0178
ORD0310,2025-05-31,Desk,Furniture,Abbottabad,4,221.42,885.68,CUST0234
ORD0311,2025-09-21,Desk,Furniture,Rawalpindi,2,206.29,412.58,CUST0005
ORD0312,2025-11-07,Office Chair,Furniture,Islamabad,7,186.93,1308.51,CUST0114
ORD0313,2025-10-30,Smartphone,Electronics,Peshawar,1,586.4,586.4,CUST0076
ORD0314,2025-10-16,Backpack,Bags,Peshawar,1,57.08,57.08,CUST0147
ORD0315,2025-08-08,Mouse,Accessories,Islamabad,5,25.39,126.95,CUST0192
ORD0316,2025-06-18,Office Chair,Furniture,Peshawar,70,197.18,13802.6,CUST0176
ORD0317,2025-11-20,Water Bottle,Lifestyle,Islamabad,5,20.27,101.35,CUST0102
ORD0318,2025-03-23,Keyboard,Accessories,Rawalpindi,6,44.44,266.64,CUST0279
ORD0319,2025-12-10,Headphones,Electronics,Abbottabad,5,85.09,425.45,CUST0089
ORD0320,2025-07-18,Mouse,Accessories,Rawalpindi,7,25.65,179.55,CUST0093
ORD0321,2025-10-18,Water Bottle,Lifestyle,Karachi,1,18.95,18.95,CUST0102
ORD0322,2025-04-20,Notebook,Stationery,Abbottabad,3,8.17,24.51,CUST0265
ORD0323,2025-10-31,Headphones,Electronics,Islamabad,5,85.81,429.05,
ORD0324,2025-10-31,Notebook,Stationery,Rawalpindi,1,7.81,7.81,CUST0300
ORD0325,2025-12-09,Keyboard,Accessories,Abbottabad,7,44.05,308.35,CUST0021
ORD0326,2025-10-30,Desk,Furniture,Rawalpindi,3,198.33,594.99,CUST0124
ORD0327,2025-09-28,Water Bottle,Lifestyle,Karachi,4,21.71,86.84,CUST0277
ORD0328,2025-02-21,Office Chair,Furniture,Abbottabad,3,165.65,496.95,CUST0027
ORD0329,2025-05-26,Headphones,Electronics,Islamabad,2,81.77,163.54,CUST0077
ORD0330,2025-09-20,Keyboard,Accessories,Karachi,2,41.6,83.2,CUST0074
ORD0331,2025-11-08,Desk,Furniture,Peshawar,5,206.12,1030.6,CUST0298
ORD0332,2025-09-20,Backpack,Bags,Abbottabad,4,54.17,216.68,CUST0172
ORD0333,2025-05-21,Backpack,Bags,Abbottabad,5,56.46,282.3,CUST0118
ORD0334,2025-01-26,Mouse,Accessories,Peshawar,6,25.47,152.82,CUST0271
ORD0335,2025-06-19,Notebook,Stationery,Peshawar,2,7.78,15.56,CUST0154
ORD0336,2025-01-19,Mouse,Accessories,Karachi,4,23.87,95.48,CUST0060
ORD0337,2025-06-13,Desk,Furniture,Islamabad,2,233.62,467.24,CUST0242
ORD0338,2025-04-18,Mouse,Accessories,Islamabad,7,23.68,165.76,CUST0161
ORD0339,2025-10-20,Desk,Furniture,Lahore,5,202.21,1011.05,CUST0160
ORD0340,2025-09-11,Notebook,Stationery,Peshawar,10,7.83,78.3,CUST0258
ORD0341,2025-11-19,Headphones,Electronics,Islamabad,7,83.12,581.84,CUST0125
ORD0342,2025-10-07,Desk,Furniture,Karachi,1,228.47,228.47,CUST0019
ORD0343,2025-10-15,Keyboard,Accessories,Rawalpindi,2,43.54,87.08,CUST0036
ORD0344,2025-03-14,Backpack,Bags,Peshawar,5,59.34,296.7,CUST0070
ORD0345,2025-02-18,Water Bottle,Lifestyle,Karachi,7,18.28,127.96,CUST0130
ORD0346,2025-05-29,Mouse,Accessories,Abbottabad,4,23.67,94.68,CUST0200
ORD0347,2025-02-27,Smartphone,Electronics,Lahore,3,553.63,1660.89,CUST0130
ORD0348,2025-07-28,Desk,Furniture,Lahore,4,227.12,908.48,CUST0286
ORD0349,2025-02-05,Keyboard,Accessories,Rawalpindi,6,45.56,273.36,CUST0287
ORD0350,2025-06-07,Water Bottle,Lifestyle,Peshawar,7,20.14,140.98,CUST0055
ORD0351,2025-01-03,Laptop,Electronics,Abbottabad,4,931.81,3727.24,CUST0237
ORD0352,2025-04-28,Desk,Furniture,Rawalpindi,4,240.86,963.44,CUST0248
ORD0353,2025-03-25,Laptop,Electronics,Abbottabad,1,879.16,879.16,CUST0231
ORD0354,2025-02-07,Laptop,Electronics,Karachi,5,905.43,4527.15,CUST0226
ORD0355,2025-08-25,Keyboard,Accessories,Islamabad,1,42.55,42.55,CUST0258
ORD0356,2025-11-19,Water Bottle,Lifestyle,Karachi,1,20.04,20.04,CUST0190
ORD0357,2025-11-07,Desk,Furniture,Abbottabad,2,224.43,448.86,CUST0143
ORD0358,2025-01-12,Office Chair,Furniture,Peshawar,4,192.65,770.6,CUST0042
ORD0359,2025-06-07,Office Chair,Furniture,Islamabad,2,184.61,369.22,CUST0158
ORD0360,2025-01-14,Office Chair,Furniture,Peshawar,3,190.44,571.32,CUST0163
ORD0361,2025-07-25,Smartphone,Electronics,Karachi,3,571.44,1714.32,CUST0256
ORD0362,2025-09-10,Notebook,Stationery,Abbottabad,1,8.12,8.12,CUST0289
ORD0363,2025-04-20,Keyboard,Accessories,Abbottabad,7,44.88,314.16,CUST0238
ORD0364,2025-01-25,Keyboard,Accessories,Rawalpindi,3,49.08,147.24,CUST0117
ORD0365,2025-01-25,Smartphone,Electronics,Karachi,5,497.84,2489.2,CUST0173
ORD0366,2025-06-09,Keyboard,Accessories,Rawalpindi,2,43.0,86.0,CUST0043
ORD0367,2025-10-14,Smartphone,Electronics,Lahore,4,535.13,2140.52,CUST0005
ORD0368,2025-05-10,Headphones,Electronics,Abbottabad,2,79.36,158.72,CUST0267
ORD0369,2025-03-24,Smartphone,Electronics,Peshawar,5,563.14,2815.7,CUST0099
ORD0370,2025-09-20,Mouse,Accessories,Karachi,1,26.41,26.41,CUST0097
ORD0371,2025-09-30,Keyboard,Accessories,Rawalpindi,4,49.47,197.88,CUST0221
ORD0372,2025-08-19,Keyboard,Accessories,Islamabad,4,45.24,180.96,CUST0063
ORD0373,2025-09-13,Mouse,Accessories,Rawalpindi,4,24.52,98.08,CUST0007
ORD0374,2025-03-27,Office Chair,Furniture,Rawalpindi,6,168.37,1010.22,CUST0183
ORD0375,2025-09-03,Smartphone,Electronics,Abbottabad,6,547.95,3287.7,CUST0079
ORD0376,2025-03-06,Mouse,Accessories,Rawalpindi,2,25.9,51.8,CUST0213
ORD0377,2025-06-30,Notebook,Stationery,Islamabad,2,8.21,16.42,CUST0173
ORD0378,2025-07-07,Keyboard,Accessories,Lahore,1,41.49,41.49,CUST0191
ORD0379,2025-04-27,Mouse,Accessories,Islamabad,4,23.83,95.32,CUST0196
ORD0380,2025-03-23,Smartphone,Electronics,Lahore,4,521.78,2087.12,CUST0233
ORD0381,2025-01-21,Keyboard,Accessories,Islamabad,5,44.64,223.2,CUST0113
ORD0382,2025-05-09,Water Bottle,Lifestyle,Islamabad,1,20.63,20.63,CUST0060
ORD0383,2025-08-20,Laptop,Electronics,Rawalpindi,2,923.15,1846.3,CUST0284
ORD0384,2025-08-02,Desk,Furniture,Peshawar,2,215.0,430.0,CUST0079
ORD0385,2025-06-22,Laptop,Electronics,Lahore,4,841.61,3366.44,CUST0069
ORD0386,2025-11-29,Laptop,Electronics,Peshawar,7,880.64,6164.48,CUST0087
ORD0387,2025-06-01,Laptop,Electronics,Peshawar,5,901.36,4506.8,CUST0133
ORD0388,2025-08-16,Keyboard,Accessories,Lahore,5,43.99,219.95,CUST0211
ORD0389,2025-09-18,Desk,Furniture,Rawalpindi,3,206.15,618.45,CUST0008
ORD0390,2025-08-08,Notebook,Stationery,Peshawar,6,7.33,43.98,CUST0223
ORD0391,2025-02-18,Backpack,Bags,Karachi,1,60.24,60.24,CUST0078
ORD0392,2025-04-29,Water Bottle,Lifestyle,Abbottabad,1,21.84,21.84,CUST0255
ORD0393,2025-05-20,Smartphone,Electronics,Lahore,2,582.86,1165.72,CUST0258
ORD0394,2025-12-17,Office Chair,Furniture,Karachi,5,182.97,914.85,CUST0226
ORD0395,2025-07-02,Notebook,Stationery,Peshawar,7,7.38,51.66,CUST0153
ORD0396,2025-04-24,Backpack,Bags,Abbottabad,3,55.55,166.65,CUST0213
ORD0397,2025-05-02,Headphones,Electronics,Abbottabad,6,72.2,433.2,CUST0119
ORD0398,2025-01-18,Desk,Furniture,Rawalpindi,1,209.37,209.37,CUST0149
ORD0399,2025-05-15,Backpack,Bags,Karachi,6,57.51,345.06,CUST0224
ORD0400,2025-01-22,Office Chair,Furniture,Karachi,6,197.45,1184.7,CUST0285
ORD0401,2025-10-10,Smartphone,Electronics,Islamabad,2,509.49,1018.98,CUST0095
ORD0402,2025-10-05,Headphones,Electronics,Lahore,7,85.45,598.15,CUST0189
ORD0403,2025-01-19,Laptop,Electronics,Rawalpindi,3,815.58,2446.74,CUST0030
ORD0404,2025-05-08,Desk,Furniture,Rawalpindi,4,226.0,904.0,CUST0111
ORD0405,2025-03-13,Backpack,Bags,Peshawar,2,55.64,111.28,CUST0261
ORD0406,2025-08-12,Headphones,Electronics,Islamabad,1,76.45,76.45,CUST0010
ORD0407,2025-03-07,Mouse,Accessories,Peshawar,6,25.58,153.48,CUST0112
ORD0408,2025-08-22,Water Bottle,Lifestyle,Islamabad,4,20.1,80.4,CUST0054
ORD0409,2025-01-20,Laptop,Electronics,Lahore,6,799.42,4796.52,CUST0243
ORD0410,2025-04-11,Desk,Furniture,Islamabad,6,236.57,1419.42,CUST0132
ORD0411,2025-08-15,Keyboard,Accessories,Islamabad,4,47.52,190.08,CUST0293
ORD0412,2025-12-25,Office Chair,Furniture,Rawalpindi,5,162.07,810.35,CUST0202
ORD0413,2025-02-26,Office Chair,Furniture,Rawalpindi,6,174.8,1048.8,CUST0020
ORD0414,2025-08-09,Laptop,Electronics,Abbottabad,7,913.62,6395.34,CUST0003
ORD0415,2025-02-24,Backpack,Bags,Karachi,5,55.88,279.4,CUST0254
ORD0416,2025-06-08,Backpack,Bags,Karachi,2,56.09,112.18,CUST0060
ORD0417,2025-07-30,Headphones,Electronics,Abbottabad,1,82.18,82.18,CUST0152
ORD0418,2025-12-22,Notebook,Stationery,Lahore,6,7.54,45.24,CUST0173
ORD0419,2025-07-02,Keyboard,Accessories,Peshawar,6,43.45,260.7,CUST0146
ORD0420,2025-09-08,Keyboard,Accessories,Lahore,1,45.88,45.88,CUST0118
ORD0421,2025-05-28,Laptop,Electronics,Lahore,1,873.38,873.38,CUST0198
ORD0422,2025-11-21,Desk,Furniture,Peshawar,1,239.81,239.81,CUST0061
ORD0423,2025-04-17,Notebook,Stationery,Peshawar,2,7.46,14.92,CUST0254
ORD0424,2025-12-31,Office Chair,Furniture,Lahore,5,187.12,935.6,CUST0245
ORD0425,2025-03-10,Headphones,Electronics,Rawalpindi,2,85.64,171.28,CUST0049
ORD0426,2025-12-22,Mouse,Accessories,Abbottabad,2,27.19,54.38,CUST0090
ORD0427,2025-05-09,Keyboard,Accessories,Peshawar,6,47.05,282.3,CUST0100
ORD0428,2025-11-12,Office Chair,Furniture,Karachi,1,167.72,167.72,CUST0188
ORD0429,2025-02-05,Water Bottle,Lifestyle,Rawalpindi,7,21.69,151.83,CUST0106
ORD0430,2025-08-08,Office Chair,Furniture,Abbottabad,4,171.93,687.72,CUST0120
ORD0431,2025-08-05,Notebook,Stationery,Rawalpindi,6,7.89,47.34,CUST0070
ORD0432,2025-04-17,Water Bottle,Lifestyle,Karachi,5,21.41,107.05,CUST0250
ORD0433,2025-01-07,Water Bottle,Lifestyle,Abbottabad,5,20.13,100.65,CUST0127
ORD0434,2025-05-23,Smartphone,Electronics,Rawalpindi,3,600.97,1802.91,CUST0154
ORD0435,2025-11-10,Backpack,Bags,Rawalpindi,6,57.54,345.24,CUST0082
ORD0436,2025-11-01,Mouse,Accessories,Lahore,3,26.13,78.39,CUST0161
ORD0437,2025-11-23,Smartphone,Electronics,Abbottabad,5,519.78,2598.9,CUST0289
ORD0438,2025-01-28,Laptop,Electronics,Islamabad,5,803.66,4018.3,CUST0043
ORD0439,2025-01-17,Water Bottle,Lifestyle,Islamabad,7,20.83,145.81,CUST0198
ORD0440,2025-01-05,Smartphone,Electronics,Islamabad,1,542.15,542.15,CUST0022
ORD0441,2025-05-24,Water Bottle,Lifestyle,Lahore,2,18.39,36.78,CUST0125
ORD0442,2025-10-21,Desk,Furniture,Karachi,6,210.79,1264.74,CUST0059
ORD0443,2025-11-15,Notebook,Stationery,Peshawar,3,7.28,21.84,CUST0032
ORD0444,2025-03-09,Desk,Furniture,Abbottabad,5,205.25,1026.25,CUST0214
ORD0445,2025-04-26,Backpack,Bags,Karachi,5,56.76,283.8,CUST0270
ORD0446,2025-03-07,Water Bottle,Lifestyle,Peshawar,2,21.0,42.0,CUST0248
ORD0447,2025-08-15,Headphones,Electronics,Abbottabad,4,80.62,322.48,CUST0167
ORD0448,2025-06-27,Keyboard,Accessories,Lahore,7,47.9,335.3,CUST0197
ORD0449,2025-03-15,Headphones,Electronics,Karachi,3,75.26,225.78,CUST0297
ORD0450,2025-02-24,Keyboard,Accessories,Peshawar,5,46.21,231.05,CUST0047
ORD0451,2025-09-25,Backpack,Bags,Islamabad,2,51.24,102.48,CUST0263
ORD0452,2025-04-24,Headphones,Electronics,Lahore,5,86.5,432.5,CUST0040
ORD0453,2025-01-08,Office Chair,Furniture,Rawalpindi,1,183.53,183.53,CUST0176
ORD0454,2025-09-03,Mouse,Accessories,Lahore,4,26.49,105.96,CUST0032
ORD0455,2025-01-16,Water Bottle,Lifestyle,Peshawar,4,20.96,83.84,CUST0063
ORD0456,2025-09-26,Desk,Furniture,Islamabad,5,227.39,1136.95,CUST0260
ORD0457,2025-09-04,Office Chair,Furniture,Lahore,2,177.39,354.78,CUST0025
ORD0458,2025-06-03,Headphones,Electronics,Abbottabad,1,72.47,72.47,CUST0133
ORD0459,2025-09-22,Headphones,Electronics,Karachi,5,77.39,386.95,CUST0134
ORD0460,2025-12-30,Headphones,Electronics,Karachi,4,77.03,308.12,CUST0213
ORD0461,2025-03-17,Backpack,Bags,Karachi,2,58.51,117.02,CUST0286
ORD0462,2025-08-06,Notebook,Stationery,Abbottabad,5,7.38,36.9,CUST0163
ORD0463,2025-12-04,Keyboard,Accessories,Islamabad,2,43.63,87.26,CUST0075
ORD0464,2025-05-30,Water Bottle,Lifestyle,Peshawar,7,20.48,143.36,CUST0108
ORD0465,2025-09-29,Headphones,Electronics,Islamabad,1,74.02,74.02,CUST0066
ORD0466,2025-07-20,Headphones,Electronics,Karachi,4,82.91,331.64,CUST0124
ORD0467,2025-07-10,Laptop,Electronics,Lahore,7,812.48,5687.36,CUST0004
ORD0468,2025-05-23,Notebook,Stationery,Rawalpindi,1,7.54,7.54,CUST0227
ORD0469,2025-05-22,Water Bottle,Lifestyle,Karachi,5,19.63,98.15,CUST0039
ORD0470,2025-07-26,Water Bottle,Lifestyle,Islamabad,3,18.24,54.72,CUST0115
ORD0471,2025-04-01,Laptop,Electronics,Islamabad,6,879.02,5274.12,CUST0046
ORD0472,2025-11-24,Office Chair,Furniture,Abbottabad,6,193.12,1158.72,CUST0035
ORD0473,2025-03-25,Headphones,Electronics,Peshawar,6,84.84,509.04,CUST0281
ORD0474,2025-08-03,Backpack,Bags,Abbottabad,6,59.6,357.6,CUST0083
ORD0475,2025-07-20,Headphones,Electronics,,3,84.06,252.18,CUST0173
ORD0476,2025-09-08,Desk,Furniture,Karachi,6,229.97,1379.82,CUST0121
ORD0477,2025-04-30,Headphones,Electronics,Abbottabad,7,79.2,554.4,CUST0164
ORD0478,2025-11-16,Backpack,Bags,Peshawar,1,52.16,52.16,CUST0089
ORD0479,2025-11-30,Mouse,Accessories,Abbottabad,3,23.63,70.89,CUST0041
ORD0480,2025-09-21,Keyboard,Accessories,Islamabad,3,48.63,145.89,CUST0125
ORD0481,2025-09-12,Office Chair,Furniture,Rawalpindi,1,197.61,197.61,CUST0062
ORD0482,2025-09-24,Laptop,Electronics,Abbottabad,6,837.96,5027.76,CUST0050
ORD0483,2025-10-31,Mouse,Accessories,Karachi,7,25.79,180.53,CUST0172
ORD0484,2025-11-20,Laptop,Electronics,Lahore,5,780.96,3904.8,CUST0216
ORD0485,2025-11-28,Laptop,Electronics,Abbottabad,5,883.06,4415.3,CUST0076
ORD0486,2025-04-03,,Lifestyle,Abbottabad,3,21.57,64.71,CUST0232
ORD0487,2025-06-06,Mouse,Accessories,Lahore,3,24.73,74.19,CUST0132
ORD0488,2025-09-17,Desk,Furniture,Abbottabad,7,203.79,1426.53,CUST0076
ORD0489,2025-06-11,Headphones,Electronics,Lahore,6,76.2,457.2,CUST0257
ORD0490,2025-08-02,Backpack,Bags,Peshawar,7,53.98,377.86,CUST0210
ORD0491,2025-08-06,Laptop,Electronics,Lahore,5,845.32,4226.6,CUST0136
ORD0492,2025-04-03,Headphones,Electronics,Rawalpindi,4,79.51,318.04,CUST0241
ORD0493,2025-08-25,Headphones,Electronics,Karachi,6,81.77,490.62,CUST0177
ORD0494,2025-07-09,Office Chair,Furniture,Lahore,1,162.28,162.28,CUST0090
ORD0495,2025-07-11,Desk,Furniture,Abbottabad,5,217.3,1086.5,CUST0106
ORD0496,2025-12-10,Office Chair,Furniture,Rawalpindi,6,172.0,1032.0,CUST0041
ORD0497,2025-07-02,Laptop,Electronics,Peshawar,5,823.69,4118.45,CUST0039
ORD0498,2025-02-15,Headphones,Electronics,Rawalpindi,3,74.1,222.3,CUST0001
ORD0499,2025-03-13,Backpack,Bags,Rawalpindi,4,57.53,230.12,CUST0109
ORD0500,2025-09-07,Laptop,Electronics,Rawalpindi,5,887.13,4435.65,CUST0008
ORD0501,2025-06-07,Water Bottle,Lifestyle,Rawalpindi,3,18.01,54.03,CUST0215
ORD0502,2025-05-26,Laptop,Electronics,Islamabad,7,913.17,6392.19,CUST0161
ORD0503,2025-08-27,Keyboard,Accessories,Karachi,2,41.33,82.66,CUST0084
ORD0504,2025-08-31,Laptop,Electronics,Peshawar,1,833.72,833.72,CUST0258
ORD0505,2025-11-27,Water Bottle,Lifestyle,Rawalpindi,2,19.45,38.9,CUST0266
ORD0506,2025-02-08,Smartphone,Electronics,Karachi,3,595.46,1786.38,CUST0259
ORD0507,2025-01-02,,Accessories,Rawalpindi,6,41.59,249.54,CUST0166
ORD0508,2025-03-22,Headphones,Electronics,Peshawar,6,74.27,445.62,CUST0268
ORD0509,2025-10-28,Headphones,Electronics,Islamabad,3,79.78,239.34,CUST0213
ORD0510,2025-10-06,Laptop,Electronics,Peshawar,7,823.34,5763.38,CUST0294
ORD0511,2025-04-09,Mouse,Accessories,,6,26.76,160.56,CUST0073
ORD0512,2025-07-07,Mouse,Accessories,Karachi,6,26.44,158.64,CUST0288
ORD0513,2025-12-01,Headphones,Electronics,Peshawar,3,85.72,257.16,CUST0063
ORD0514,2025-11-09,Desk,Furniture,Abbottabad,3,223.62,670.86,CUST0100
ORD0515,2025-06-05,Laptop,Electronics,Rawalpindi,7,851.99,5963.93,CUST0007
ORD0516,2025-07-12,Keyboard,Accessories,Karachi,5,48.51,242.55,CUST0275
ORD0517,2025-05-06,Notebook,Stationery,Lahore,4,7.81,31.24,CUST0294
ORD0518,2025-07-23,Mouse,Accessories,Abbottabad,2,26.71,53.42,CUST0031
ORD0519,2025-11-21,Keyboard,Accessories,Abbottabad,1,41.76,41.76,CUST0067
ORD0520,2025-12-29,Keyboard,Accessories,Lahore,2,40.85,81.7,CUST0234
ORD0521,2025-05-05,Headphones,Electronics,Rawalpindi,2,77.01,154.02,CUST0030
ORD0522,2025-02-06,Notebook,Stationery,Islamabad,5,8.54,42.7,CUST0124
ORD0523,2025-07-15,Mouse,Accessories,Islamabad,3,26.94,80.82,CUST0201
ORD0524,2025-05-06,Laptop,Electronics,Karachi,5,814.03,4070.15,CUST0109
ORD0525,2025-11-01,Office Chair,Furniture,Rawalpindi,4,197.28,789.12,CUST0162
ORD0526,2025-02-11,Office Chair,Furniture,Islamabad,5,192.01,960.05,CUST0109
ORD0527,2025-01-21,Headphones,Electronics,Karachi,2,72.92,145.84,CUST0139
ORD0528,2025-04-02,Desk,Furniture,Rawalpindi,4,213.28,853.12,CUST0111
ORD0529,2025-09-30,Smartphone,Electronics,Lahore,3,517.8,1553.4,CUST0252
ORD0530,2025-09-07,Smartphone,Electronics,Lahore,6,557.63,3345.78,CUST0165
ORD0531,2025-01-05,Desk,Furniture,Peshawar,5,204.51,1022.55,CUST0101
ORD0532,2025-03-05,Keyboard,Accessories,Lahore,6,42.55,255.3,CUST0117
ORD0533,2025-02-16,Smartphone,Electronics,Karachi,3,533.88,1601.64,CUST0246
ORD0534,2025-01-05,Mouse,Accessories,Peshawar,6,26.45,158.7,CUST0184
ORD0535,2025-01-12,Keyboard,Accessories,Abbottabad,1,48.39,48.39,CUST0017
ORD0536,2025-04-18,Headphones,Electronics,Karachi,3,80.21,240.63,CUST0070
ORD0537,2025-03-16,Desk,Furniture,Peshawar,2,219.62,439.24,CUST0216
ORD0538,2025-07-11,Desk,Furniture,Peshawar,7,224.65,1572.55,CUST0242
ORD0539,2025-08-07,Laptop,Electronics,Islamabad,3,917.06,2751.18,CUST0092
ORD0540,2025-09-17,Headphones,Electronics,Rawalpindi,7,84.23,589.61,CUST0163
ORD0541,2025-12-03,Water Bottle,Lifestyle,Peshawar,4,18.01,72.04,CUST0225
ORD0542,2025-11-19,Backpack,Bags,Lahore,3,52.93,158.79,CUST0013
ORD0543,2025-12-15,Desk,Furniture,Abbottabad,2,218.98,437.96,CUST0171
ORD0544,2025-11-16,Headphones,Electronics,Abbottabad,6,80.44,482.64,CUST0277
ORD0545,2025-07-03,Smartphone,Electronics,Abbottabad,1,525.66,525.66,CUST0057
ORD0546,2025-10-09,Headphones,Electronics,Peshawar,3,75.21,225.63,CUST0030
ORD0547,2025-01-25,Desk,Furniture,Rawalpindi,3,230.47,691.41,CUST0001
ORD0548,2025-07-07,Mouse,Accessories,Peshawar,5,26.27,131.35,CUST0127
ORD0549,2025-07-10,Laptop,Electronics,Peshawar,4,884.01,3536.04,CUST0290
ORD0550,2025-03-16,Keyboard,Accessories,Lahore,6,40.72,244.32,CUST0072
ORD0551,2025-06-22,Headphones,Electronics,Islamabad,6,84.93,509.58,CUST0045
ORD0552,2025-03-07,Headphones,Electronics,Peshawar,3,85.9,257.7,CUST0162
ORD0553,2025-07-07,Notebook,Stationery,Islamabad,4,8.33,33.32,CUST0013
ORD0554,2025-10-17,Backpack,Bags,Lahore,7,51.82,362.74,CUST0215
ORD0555,2025-04-28,Backpack,Bags,Rawalpindi,6,52.43,314.58,CUST0231
ORD0556,2025-08-21,Mouse,Accessories,Abbottabad,7,23.63,165.41,CUST0269
ORD0557,2025-11-09,Mouse,Accessories,Peshawar,3,24.29,72.87,CUST0214
ORD0558,2025-03-15,Laptop,Electronics,Islamabad,7,850.52,5953.64,CUST0054
ORD0559,2025-01-14,Keyboard,Accessories,Islamabad,4,46.64,186.56,CUST0053
ORD0560,2025-07-10,Backpack,Bags,Karachi,7,55.58,389.06,CUST0205
ORD0561,2025-10-17,Desk,Furniture,Islamabad,2,215.66,431.32,CUST0248
ORD0562,2025-07-23,Smartphone,Electronics,Peshawar,7,500.98,3506.86,CUST0079
ORD0563,2025-12-15,Water Bottle,Lifestyle,Islamabad,7,18.76,131.32,CUST0274
ORD0564,2025-03-29,Office Chair,Furniture,Islamabad,6,194.25,1165.5,
ORD0565,2025-11-16,Water Bottle,Lifestyle,Rawalpindi,6,18.99,113.94,CUST0156
ORD0566,2025-05-17,Water Bottle,Lifestyle,Lahore,1,18.52,18.52,CUST0162
ORD0567,2025-11-03,Keyboard,Accessories,Rawalpindi,4,48.66,194.64,CUST0083
ORD0568,2025-06-28,Laptop,Electronics,Rawalpindi,6,829.14,4974.84,CUST0186
ORD0569,2025-11-12,Desk,Furniture,Lahore,2,222.84,445.68,CUST0217
ORD0570,2025-01-23,Backpack,Bags,Rawalpindi,7,49.55,346.85,CUST0235
ORD0571,2025-01-11,Mouse,Accessories,Peshawar,1,23.89,23.89,CUST0281
ORD0572,2025-07-30,Water Bottle,Lifestyle,Karachi,5,19.9,99.5,CUST0293
ORD0573,2025-10-31,Notebook,Stationery,Karachi,1,7.78,7.78,CUST0041
ORD0574,2025-09-13,Headphones,Electronics,Abbottabad,7,73.78,516.46,CUST0227
ORD0575,2025-01-13,Water Bottle,Lifestyle,Islamabad,4,21.44,85.76,CUST0229
ORD0576,2025-05-17,Keyboard,Accessories,Peshawar,7,46.98,328.86,CUST0166
ORD0577,2025-04-19,Office Chair,Furniture,Rawalpindi,6,169.77,1018.62,CUST0237
ORD0578,2025-09-20,Smartphone,Electronics,Karachi,1,510.03,510.03,CUST0274
ORD0579,2025-05-29,Headphones,Electronics,Karachi,4,87.59,350.36,CUST0065
ORD0580,2025-08-15,Keyboard,Accessories,Rawalpindi,5,43.09,215.45,CUST0049
ORD0581,2025-02-13,Office Chair,Furniture,Rawalpindi,6,180.57,1083.42,CUST0074
ORD0582,2025-12-03,Mouse,Accessories,Karachi,6,24.19,145.14,CUST0138
ORD0583,2025-04-12,Headphones,Electronics,Peshawar,1,83.78,83.78,CUST0268
ORD0584,2025-06-20,Office Chair,Furniture,Peshawar,4,162.36,649.44,CUST0228
ORD0585,2025-11-17,Notebook,Stationery,Karachi,4,7.84,31.36,CUST0119
ORD0586,2025-10-10,Laptop,Electronics,Abbottabad,4,930.92,3723.68,CUST0181
ORD0587,2025-08-21,Notebook,Stationery,Islamabad,3,7.81,23.43,CUST0134
ORD0588,2025-02-24,Desk,Furniture,Islamabad,5,213.04,1065.2,CUST0007
ORD0589,2025-01-16,Keyboard,Accessories,Lahore,1,43.85,43.85,CUST0135
ORD0590,2025-06-09,Keyboard,Accessories,Lahore,7,46.58,326.06,CUST0264
ORD0591,2025-02-14,Laptop,Electronics,Abbottabad,7,897.66,6283.62,CUST0059
ORD0592,2025-06-06,Keyboard,Accessories,Islamabad,3,46.89,140.67,CUST0226
ORD0593,2025-03-31,Desk,Furniture,Peshawar,4,200.55,802.2,CUST0119
ORD0594,2025-05-23,Mouse,Accessories,Karachi,4,25.22,100.88,CUST0278
ORD0595,2025-07-18,Water Bottle,Lifestyle,Islamabad,1,18.9,18.9,CUST0026
ORD0596,2025-12-05,Water Bottle,Lifestyle,Lahore,2,19.26,38.52,CUST0181
ORD0597,2025-11-17,Backpack,Bags,Peshawar,4,53.77,215.08,CUST0175
ORD0598,2025-07-07,Keyboard,Accessories,Peshawar,6,43.11,258.66,CUST0047
ORD0599,2025-08-29,Water Bottle,Lifestyle,Islamabad,6,18.25,109.5,CUST0005
ORD0600,2025-09-05,Keyboard,Accessories,Abbottabad,4,42.57,170.28,CUST0161
ORD0601,2025-01-15,Smartphone,Electronics,Rawalpindi,6,553.26,3319.56,CUST0122
ORD0602,2025-10-21,Mouse,Accessories,Abbottabad,6,22.88,137.28,CUST0086
ORD0603,2025-08-11,Smartphone,Electronics,Abbottabad,6,555.12,3330.72,CUST0003
ORD0604,2025-08-23,Office Chair,Furniture,Karachi,5,179.33,896.65,CUST0161
ORD0605,2025-01-11,Laptop,Electronics,Karachi,3,899.83,2699.49,CUST0070
ORD0606,2025-02-17,Water Bottle,Lifestyle,Lahore,4,21.81,87.24,CUST0090
ORD0607,2025-03-30,Water Bottle,Lifestyle,Islamabad,4,19.04,76.16,CUST0019
ORD0608,2025-06-03,Desk,Furniture,Abbottabad,7,207.41,1451.87,CUST0260
ORD0609,2025-12-20,Headphones,Electronics,Peshawar,5,86.53,432.65,CUST0107
ORD0610,2025-01-08,Mouse,Accessories,Rawalpindi,2,27.34,54.68,CUST0008
ORD0611,2025-02-08,Keyboard,Accessories,Peshawar,7,42.59,298.13,CUST0187
ORD0612,2025-03-27,Keyboard,Accessories,Karachi,2,47.44,94.88,CUST0137
ORD0613,2025-06-05,Mouse,Accessories,Islamabad,2,26.42,52.84,CUST0255
ORD0614,2025-11-18,Mouse,Accessories,Lahore,2,24.11,48.22,CUST0278
ORD0615,2025-12-30,Mouse,Accessories,Rawalpindi,3,22.65,67.95,CUST0173
ORD0616,2025-09-05,Notebook,Stationery,Lahore,4,7.66,30.64,CUST0034
ORD0617,2025-04-03,Headphones,Electronics,Peshawar,1,72.72,72.72,CUST0117
ORD0618,2025-04-01,Headphones,Electronics,Islamabad,3,87.21,261.63,CUST0206
ORD0619,2025-12-15,Laptop,Electronics,Karachi,2,933.72,1867.44,CUST0181
ORD0620,2025-09-14,Smartphone,Electronics,Islamabad,4,588.2,2352.8,CUST0154
ORD0621,2025-11-11,Keyboard,Accessories,Lahore,4,40.75,163.0,CUST0041
ORD0622,2025-10-05,Water Bottle,Lifestyle,Islamabad,5,18.14,90.7,CUST0237
ORD0623,2025-09-13,Water Bottle,Lifestyle,Lahore,5,19.73,98.65,CUST0149
ORD0624,2025-04-19,Headphones,Electronics,Karachi,4,84.14,336.56,CUST0199
ORD0625,2025-05-13,Desk,Furniture,Rawalpindi,7,235.22,1646.54,CUST0132
ORD0626,2025-08-30,Desk,Furniture,Karachi,2,237.11,474.22,CUST0109
ORD0627,2025-04-22,Backpack,Bags,Abbottabad,1,52.75,52.75,CUST0271
ORD0628,2025-10-07,Headphones,Electronics,Lahore,5,79.36,396.8,CUST0040
ORD0629,2025-01-24,Keyboard,Accessories,Islamabad,2,47.47,94.94,CUST0004
ORD0630,2025-06-30,Headphones,Electronics,Karachi,2,86.01,172.02,CUST0279
ORD0631,2025-11-14,Mouse,Accessories,Peshawar,7,23.14,161.98,CUST0249
ORD0632,2025-05-18,Office Chair,Furniture,Abbottabad,6,163.97,983.82,CUST0085
ORD0633,2025-12-08,Keyboard,Accessories,Karachi,3,48.44,145.32,CUST0038
ORD0634,2025-06-18,Headphones,Electronics,Rawalpindi,7,82.25,575.75,CUST0030
ORD0635,2025-07-25,Mouse,Accessories,Peshawar,1,23.76,23.76,CUST0047
ORD0636,2025-01-22,Office Chair,Furniture,Rawalpindi,4,197.45,789.8,CUST0149
ORD0637,2025-10-14,Backpack,Bags,Islamabad,1,53.69,53.69,CUST0202
ORD0638,2025-05-19,Smartphone,Electronics,Islamabad,7,551.94,3863.58,CUST0214
ORD0639,2025-04-21,Water Bottle,Lifestyle,Peshawar,1,20.41,20.41,CUST0123
ORD0640,2025-11-17,Mouse,Accessories,Peshawar,5,23.01,115.05,CUST0051
ORD0641,2025-03-29,Keyboard,Accessories,Islamabad,1,48.9,48.9,CUST0104
ORD0642,2025-06-16,Desk,Furniture,Rawalpindi,3,233.35,700.05,CUST0126
ORD0643,2025-06-18,Water Bottle,Lifestyle,Rawalpindi,1,18.12,18.12,CUST0073
ORD0644,2025-09-02,Office Chair,Furniture,Lahore,6,185.95,1115.7,CUST0063
ORD0645,2025-04-19,Laptop,Electronics,Peshawar,4,879.08,3516.32,CUST0271
ORD0646,2025-12-05,Keyboard,Accessories,Lahore,4,43.96,175.84,CUST0078
ORD0647,2025-07-08,Notebook,Stationery,Karachi,1,8.75,8.75,CUST0216
ORD0648,2025-06-17,Headphones,Electronics,Lahore,6,80.74,484.44,CUST0193
ORD0649,2025-01-13,Mouse,Accessories,Abbottabad,3,24.91,74.73,CUST0147
ORD0650,2025-05-31,Notebook,Stationery,Islamabad,1,7.45,7.45,CUST0022
ORD0651,2025-01-07,Headphones,Electronics,Abbottabad,1,84.75,84.75,CUST0114
ORD0652,2025-11-24,Desk,Furniture,Karachi,3,225.63,676.89,CUST0113
ORD0653,2025-05-20,Mouse,Accessories,Peshawar,3,23.46,70.38,CUST0097
ORD0654,2025-03-10,Mouse,Accessories,Abbottabad,1,26.89,26.89,CUST0059
ORD0655,2025-01-19,Laptop,Electronics,Abbottabad,6,779.27,4675.62,CUST0197
ORD0656,2025-10-16,Smartphone,Electronics,Rawalpindi,6,536.13,3216.78,CUST0084
ORD0657,2025-01-14,Office Chair,Furniture,Lahore,7,184.76,1293.32,CUST0128
ORD0658,2025-01-29,Office Chair,Furniture,Islamabad,5,165.65,828.25,CUST0202
ORD0659,2025-03-03,Water Bottle,Lifestyle,Rawalpindi,1,18.05,18.05,CUST0202
ORD0660,2025-11-21,Laptop,Electronics,Karachi,2,930.02,1860.04,CUST0169
ORD0661,2025-08-07,Mouse,Accessories,Peshawar,2,26.02,52.04,CUST0204
ORD0662,2025-04-08,Desk,Furniture,Peshawar,3,224.64,673.92,CUST0291
ORD0663,2025-06-15,Smartphone,Electronics,Abbottabad,4,555.46,2221.84,CUST0154
ORD0664,2025-08-18,Desk,Furniture,Karachi,7,205.57,1438.99,CUST0041
ORD0665,2025-03-25,Office Chair,Furniture,Lahore,4,183.57,734.28,CUST0290
ORD0666,2025-10-10,Office Chair,Furniture,Islamabad,3,175.44,526.32,CUST0073
ORD0667,2025-04-10,Laptop,Electronics,Lahore,6,818.19,4909.14,CUST0258
ORD0668,2025-09-23,Keyboard,Accessories,Rawalpindi,1,41.55,41.55,CUST0079
ORD0669,2025-09-05,Office Chair,Furniture,Abbottabad,3,193.79,581.37,CUST0098
ORD0670,2025-10-28,Water Bottle,Lifestyle,Karachi,5,19.63,98.15,CUST0007
ORD0671,2025-05-18,Laptop,Electronics,Karachi,1,841.54,841.54,CUST0073
ORD0672,2025-05-25,Notebook,Stationery,Islamabad,6,8.76,52.56,CUST0283
ORD0673,2025-12-07,Office Chair,Furniture,Peshawar,2,165.33,330.66,CUST0271
ORD0674,2025-09-05,Keyboard,Accessories,Karachi,5,45.11,225.55,CUST0273
ORD0675,2025-07-31,Water Bottle,Lifestyle,Rawalpindi,1,18.97,18.97,CUST0168
ORD0676,2025-04-21,Desk,Furniture,Karachi,1,234.01,234.01,CUST0047
ORD0677,2025-10-26,Laptop,Electronics,Islamabad,1,767.69,767.69,CUST0296
ORD0678,2025-06-10,Smartphone,Electronics,Lahore,3,518.69,1556.07,CUST0016
ORD0679,2025-05-18,Smartphone,Electronics,Islamabad,6,599.66,3597.96,CUST0038
ORD0680,2025-03-18,Headphones,Electronics,Abbottabad,4,86.92,347.68,CUST0091
ORD0681,2025-07-28,Backpack,Bags,Peshawar,3,57.98,173.94,CUST0107
ORD0682,2025-10-11,Water Bottle,Lifestyle,Peshawar,7,19.08,133.56,CUST0182
ORD0683,2025-07-06,Mouse,Accessories,Rawalpindi,1,22.68,22.68,CUST0258
ORD0684,2025-08-18,Notebook,Stationery,Islamabad,3,8.22,24.66,CUST0168
ORD0685,2025-02-06,Keyboard,Accessories,Karachi,2,46.34,92.68,CUST0018
ORD0686,2025-05-19,Smartphone,Electronics,Islamabad,7,527.16,3690.12,CUST0185
ORD0687,2025-03-02,Keyboard,Accessories,Lahore,6,45.02,270.12,CUST0088
ORD0688,2025-11-07,Keyboard,Accessories,Lahore,4,41.45,165.8,CUST0242
ORD0689,2025-12-07,Water Bottle,Lifestyle,Rawalpindi,1,21.7,21.7,CUST0133
ORD0690,2025-08-30,Laptop,Electronics,Lahore,2,925.23,1850.46,CUST0109
ORD0691,2025-03-10,Keyboard,Accessories,Peshawar,3,41.49,124.47,CUST0196
ORD0692,2025-10-04,Backpack,Bags,Rawalpindi,2,55.39,110.78,CUST0052
ORD0693,2025-10-29,Backpack,Bags,Rawalpindi,10,58.61,586.1,CUST0036
ORD0694,2025-10-22,Notebook,Stationery,Peshawar,1,8.01,8.01,CUST0213
ORD0695,2025-02-04,Water Bottle,Lifestyle,Abbottabad,6,20.21,121.26,CUST0118
ORD0696,2025-03-17,Mouse,Accessories,Lahore,2,26.92,53.84,CUST0214
ORD0697,2025-03-28,Water Bottle,Lifestyle,Rawalpindi,5,19.84,99.2,CUST0160
ORD0698,2025-02-14,Keyboard,Accessories,Peshawar,7,44.9,314.3,CUST0247
ORD0699,2025-05-14,Backpack,Bags,Karachi,5,57.41,287.05,CUST0018
ORD0700,2025-07-28,Office Chair,Furniture,Abbottabad,6,165.01,990.06,CUST0235
ORD0701,2025-05-18,Notebook,Stationery,Karachi,3,7.59,22.77,CUST0115
ORD0702,2025-01-28,Keyboard,Accessories,Lahore,2,45.17,90.34,CUST0206
ORD0703,2025-05-07,Desk,Furniture,Lahore,7,208.72,1461.04,CUST0118
ORD0704,2025-06-24,Backpack,Bags,Peshawar,3,55.63,166.89,CUST0019
ORD0705,2025-12-20,Headphones,Electronics,Lahore,2,78.59,157.18,CUST0141
ORD0706,2025-08-27,Office Chair,Furniture,Rawalpindi,1,184.73,184.73,CUST0048
ORD0707,2025-10-22,Laptop,Electronics,Islamabad,5,784.92,3924.6,CUST0017
ORD0708,2025-11-01,Desk,Furniture,Lahore,5,215.24,1076.2,CUST0007
ORD0709,2025-07-12,Notebook,Stationery,Peshawar,1,8.72,8.72,CUST0062
ORD0710,2025-09-10,Laptop,Electronics,Lahore,3,776.74,2330.22,CUST0207
ORD0711,2025-05-24,Mouse,Accessories,Peshawar,3,25.94,77.82,CUST0156
ORD0712,2025-03-27,Water Bottle,Lifestyle,Peshawar,1,19.86,19.86,CUST0118
ORD0713,2025-12-05,Water Bottle,Lifestyle,Lahore,7,19.81,138.67,CUST0271
ORD0714,2025-01-30,Headphones,Electronics,Peshawar,3,73.21,219.63,CUST0232
ORD0715,2025-07-13,Smartphone,Electronics,Abbottabad,3,525.9,1577.7,CUST0006
ORD0716,2025-04-26,Water Bottle,Lifestyle,Peshawar,4,21.39,85.56,CUST0049
ORD0717,2025-12-01,Smartphone,Electronics,Karachi,2,551.47,1102.94,CUST0221
ORD0718,2025-01-03,Notebook,Stationery,Abbottabad,5,7.91,39.55,CUST0206
ORD0719,2025-05-12,Backpack,Bags,Lahore,3,57.27,171.81,CUST0060
ORD0720,2025-04-17,Keyboard,Accessories,Lahore,3,46.41,139.23,CUST0235
ORD0721,2025-12-14,Smartphone,Electronics,Karachi,6,587.66,3525.96,CUST0207
ORD0722,2025-09-07,Water Bottle,Lifestyle,Islamabad,4,21.07,84.28,CUST0295
ORD0723,2025-07-30,Notebook,Stationery,Karachi,4,7.42,29.68,CUST0029
ORD0724,2025-08-08,Desk,Furniture,Abbottabad,4,206.58,826.32,CUST0215
ORD0725,2025-10-19,Headphones,Electronics,Islamabad,5,82.47,412.35,CUST0245
ORD0726,2025-06-19,Office Chair,Furniture,Rawalpindi,6,167.63,1005.78,CUST0269
ORD0727,2025-08-25,Office Chair,Furniture,Lahore,3,168.67,506.01,CUST0094
ORD0728,2025-12-02,Notebook,Stationery,Peshawar,4,8.39,33.56,CUST0218
ORD0729,2025-12-12,Smartphone,Electronics,Islamabad,2,537.11,1074.22,CUST0224
ORD0730,2025-08-27,Laptop,Electronics,Lahore,6,882.7,5296.2,CUST0166
ORD0731,2025-06-22,Headphones,Electronics,Karachi,6,75.6,453.6,CUST0110
ORD0732,2025-07-26,Keyboard,Accessories,Karachi,7,42.88,300.16,CUST0279
ORD0733,2025-12-23,Desk,Furniture,Karachi,6,232.62,1395.72,CUST0204
ORD0734,2025-06-14,Laptop,Electronics,Abbottabad,4,801.93,3207.72,CUST0070
ORD0735,2025-11-12,Mouse,Accessories,Abbottabad,3,26.62,79.86,CUST0178
ORD0736,2025-07-06,Office Chair,Furniture,Rawalpindi,1,194.33,194.33,CUST0104
ORD0737,2025-11-27,Office Chair,Furniture,Peshawar,2,192.42,384.84,CUST0182
ORD0738,2025-10-26,Office Chair,Furniture,Rawalpindi,3,197.96,593.88,CUST0287
ORD0739,2025-06-12,Notebook,Stationery,Rawalpindi,3,8.8,26.4,CUST0269
ORD0740,2025-07-06,Laptop,Electronics,Rawalpindi,3,768.81,2306.43,CUST0291
ORD0741,2025-04-24,Office Chair,Furniture,Peshawar,6,162.62,975.72,CUST0183
ORD0742,2025-07-16,Notebook,Stationery,Rawalpindi,3,8.7,26.1,CUST0125
ORD0743,2025-03-02,Notebook,Stationery,Rawalpindi,3,8.13,24.39,CUST0019
ORD0744,2025-06-02,Smartphone,Electronics,,2,510.23,1020.46,CUST0048
ORD0745,2025-04-20,Headphones,Electronics,Islamabad,7,86.85,607.95,CUST0183
ORD0746,2025-02-20,Mouse,Accessories,Rawalpindi,7,23.56,164.92,CUST0268
ORD0747,2025-06-19,Smartphone,Electronics,Karachi,4,589.71,2358.84,CUST0166
ORD0748,2025-07-08,Water Bottle,Lifestyle,Islamabad,6,18.21,109.26,CUST0155
ORD0749,2025-03-16,Desk,Furniture,Rawalpindi,6,214.42,1286.52,CUST0133
ORD0750,2025-12-11,Desk,Furniture,Peshawar,1,226.35,226.35,CUST0182
ORD0751,2025-03-05,Notebook,Stationery,Karachi,6,7.45,44.7,CUST0193
ORD0752,2025-08-30,Backpack,Bags,Peshawar,4,49.97,199.88,CUST0093
ORD0753,2025-02-28,Smartphone,Electronics,Lahore,4,570.39,2281.56,CUST0207
ORD0754,2025-06-15,Backpack,Bags,Lahore,6,57.04,342.24,CUST0156
ORD0755,2025-11-18,Backpack,Bags,Rawalpindi,2,53.92,107.84,CUST0230
ORD0756,2025-03-16,Smartphone,Electronics,Karachi,4,503.64,2014.56,CUST0299
ORD0757,2025-10-23,Office Chair,Furniture,Islamabad,4,163.14,652.56,CUST0209
ORD0758,2025-11-14,Keyboard,Accessories,Lahore,4,42.72,170.88,CUST0007
ORD0759,2025-03-29,Backpack,Bags,Peshawar,3,57.61,172.83,CUST0179
ORD0760,2025-08-27,Keyboard,Accessories,Peshawar,5,48.58,242.9,CUST0264
ORD0761,2025-08-19,Mouse,Accessories,Rawalpindi,6,23.14,138.84,CUST0119
ORD0762,2025-12-16,Laptop,Electronics,Rawalpindi,1,909.93,909.93,CUST0011
ORD0763,2025-02-27,Smartphone,Electronics,Islamabad,2,540.78,1081.56,CUST0251
ORD0764,2025-02-21,,Accessories,Rawalpindi,2,42.92,85.84,CUST0084
ORD0765,2025-10-23,Headphones,Electronics,Karachi,5,84.15,420.75,CUST0056
ORD0766,2025-04-03,Desk,Furniture,Abbottabad,3,212.36,637.08,CUST0056
ORD0767,2025-05-05,Notebook,Stationery,Rawalpindi,7,7.78,54.46,CUST0036
ORD0768,2025-08-11,Mouse,Accessories,Islamabad,2,26.55,53.1,CUST0166
ORD0769,2025-10-05,Backpack,Bags,Islamabad,7,52.49,367.43,CUST0031
ORD0770,2025-04-06,Desk,Furniture,Abbottabad,3,222.79,668.37,CUST0192
ORD0771,2025-08-26,Office Chair,Furniture,Lahore,2,180.2,360.4,CUST0112
ORD0772,2025-08-11,Desk,Furniture,Islamabad,1,217.44,217.44,CUST0106
ORD0773,2025-03-30,Mouse,Accessories,Islamabad,2,24.79,49.58,CUST0106
ORD0774,2025-02-01,Desk,Furniture,Peshawar,7,222.75,1559.25,CUST0040
ORD0775,2025-03-23,Keyboard,Accessories,Rawalpindi,2,42.26,84.52,CUST0208
ORD0776,2025-02-07,Water Bottle,Lifestyle,Lahore,7,20.24,141.68,CUST0249
ORD0777,2025-10-22,Headphones,Electronics,Karachi,2,73.97,147.94,CUST0187
ORD0778,2025-12-31,Water Bottle,Lifestyle,Peshawar,6,21.61,129.66,CUST0229
ORD0779,2025-07-07,Office Chair,Furniture,Islamabad,3,188.5,565.5,CUST0270
ORD0780,2025-03-13,,Furniture,Peshawar,4,196.93,787.72,CUST0160
ORD0781,2025-08-08,Office Chair,Furniture,Rawalpindi,7,182.55,1277.85,CUST0222
ORD0782,2025-09-03,Headphones,Electronics,Islamabad,40,79.85,3194.0,CUST0208
ORD0783,2025-09-04,Office Chair,Furniture,Abbottabad,5,182.76,913.8,CUST0185
ORD0784,2025-09-13,Office Chair,Furniture,Lahore,6,171.1,1026.6,CUST0076
ORD0785,2025-09-12,Laptop,Electronics,Rawalpindi,3,908.67,2726.01,CUST0190
ORD0786,2025-10-14,Keyboard,Accessories,Abbottabad,1,40.73,40.73,CUST0213
ORD0787,2025-01-13,Notebook,Stationery,Rawalpindi,4,7.6,30.4,CUST0127
ORD0788,2025-07-24,Notebook,Stationery,Peshawar,2,7.29,14.58,CUST0273
ORD0789,2025-08-07,Backpack,Bags,Rawalpindi,2,52.11,104.22,CUST0279
ORD0790,2025-07-06,Backpack,Bags,Rawalpindi,3,52.12,156.36,CUST0229
ORD0791,2025-09-29,Laptop,Electronics,Islamabad,4,894.3,3577.2,CUST0246
ORD0792,2025-12-25,Smartphone,Electronics,Rawalpindi,7,560.66,3924.62,CUST0096
ORD0793,2025-12-04,Smartphone,Electronics,Rawalpindi,5,572.89,2864.45,CUST0171
ORD0794,2025-02-24,Mouse,Accessories,Peshawar,6,23.52,141.12,CUST0116
ORD0795,2025-02-22,Water Bottle,Lifestyle,Karachi,4,20.04,80.16,CUST0137
ORD0796,2025-08-15,Office Chair,Furniture,Lahore,7,167.78,1174.46,CUST0098
ORD0797,2025-08-25,Water Bottle,Lifestyle,Abbottabad,7,19.86,139.02,CUST0072
ORD0798,2025-07-09,Laptop,Electronics,Lahore,3,901.25,2703.75,CUST0139
ORD0799,2025-08-09,Desk,Furniture,Rawalpindi,3,226.67,680.01,CUST0056
ORD0800,2025-07-11,Office Chair,Furniture,,6,164.38,986.28,CUST0200
ORD0801,2025-05-19,Water Bottle,Lifestyle,Peshawar,1,18.94,18.94,CUST0149
ORD0802,2025-12-05,Headphones,Electronics,Karachi,2,82.69,165.38,CUST0273
ORD0803,2025-01-28,Office Chair,Furniture,Islamabad,3,168.92,506.76,CUST0038
ORD0804,2025-03-09,Desk,Furniture,Abbottabad,5,236.93,1184.65,CUST0218
ORD0805,2025-09-26,Laptop,Electronics,Karachi,3,822.76,2468.28,CUST0058
ORD0806,2025-07-07,Laptop,Electronics,Abbottabad,1,823.97,823.97,CUST0083
ORD0807,2025-12-26,Notebook,Stationery,Lahore,4,7.74,30.96,CUST0284
ORD0808,2025-10-23,Laptop,Electronics,Peshawar,2,823.38,1646.76,CUST0208
ORD0809,2025-05-17,Smartphone,Electronics,Karachi,4,516.83,2067.32,CUST0287
ORD0810,2025-01-25,Backpack,Bags,Islamabad,7,60.15,421.05,CUST0067
ORD0811,2025-03-14,Notebook,Stationery,Islamabad,6,7.3,43.8,CUST0010
ORD0812,2025-07-14,Headphones,Electronics,Islamabad,3,76.71,230.13,CUST0283
ORD0813,2025-04-15,Laptop,Electronics,Rawalpindi,7,843.61,5905.27,CUST0044
ORD0814,2025-12-17,Notebook,Stationery,Islamabad,7,7.84,54.88,CUST0140
ORD0815,2025-07-02,Desk,Furniture,Peshawar,4,211.81,847.24,CUST0246
ORD0816,2025-05-29,Water Bottle,Lifestyle,Peshawar,2,18.74,37.48,CUST0116
ORD0817,2025-10-21,Office Chair,Furniture,Rawalpindi,5,188.46,942.3,CUST0143
ORD0818,2025-10-29,Notebook,Stationery,Peshawar,2,7.42,14.84,CUST0277
ORD0819,2025-03-11,Backpack,Bags,Peshawar,1,53.79,53.79,CUST0112
ORD0820,2025-05-29,Desk,Furniture,Karachi,4,223.58,894.32,CUST0227
ORD0821,2025-02-09,Office Chair,Furniture,Islamabad,7,187.19,1310.33,CUST0138
ORD0822,2025-07-22,Water Bottle,Lifestyle,Rawalpindi,4,18.04,72.16,CUST0192
ORD0823,2025-11-07,Mouse,Accessories,Rawalpindi,2,25.38,50.76,
ORD0824,2025-02-28,Office Chair,Furniture,Islamabad,5,170.15,850.75,CUST0188
ORD0825,2025-04-18,Headphones,Electronics,Karachi,6,85.82,514.92,CUST0090
ORD0826,2025-08-08,Backpack,Bags,Islamabad,7,55.67,389.69,CUST0094
ORD0827,2025-07-03,Water Bottle,Lifestyle,Islamabad,7,21.88,153.16,CUST0247
ORD0828,2025-10-05,Keyboard,Accessories,Rawalpindi,1,46.73,46.73,CUST0111
ORD0829,2025-07-01,Laptop,Electronics,Islamabad,1,788.44,788.44,CUST0209
ORD0830,2025-07-27,Office Chair,Furniture,Abbottabad,6,194.25,1165.5,CUST0175
ORD0831,2025-05-21,Laptop,Electronics,Peshawar,1,859.74,859.74,CUST0166
ORD0832,2025-06-12,Laptop,Electronics,Abbottabad,6,920.19,5521.14,CUST0014
ORD0833,2025-10-10,Backpack,Bags,Rawalpindi,5,55.84,279.2,CUST0241
ORD0834,2025-07-16,Mouse,Accessories,Abbottabad,3,22.58,67.74,CUST0058
ORD0835,2025-01-26,Laptop,Electronics,Rawalpindi,7,855.37,5987.59,CUST0020
ORD0836,2025-08-30,Office Chair,Furniture,Islamabad,6,185.55,1113.3,CUST0273
ORD0837,2025-02-13,Water Bottle,Lifestyle,Lahore,6,21.38,128.28,CUST0063
ORD0838,2025-04-10,Headphones,Electronics,Lahore,1,82.37,82.37,CUST0122
ORD0839,2025-11-23,Backpack,Bags,Lahore,5,54.32,271.6,CUST0050
ORD0840,2025-05-21,Laptop,Electronics,Abbottabad,3,825.33,2475.99,CUST0128
ORD0841,2025-11-20,Mouse,Accessories,Lahore,7,24.48,171.36,CUST0208
ORD0842,2025-12-18,Keyboard,Accessories,Rawalpindi,5,42.48,212.4,CUST0194
ORD0843,2025-09-28,Headphones,Electronics,Lahore,6,77.08,462.48,CUST0159
ORD0844,2025-09-21,Water Bottle,Lifestyle,Karachi,7,18.88,132.16,CUST0103
ORD0845,2025-10-13,Notebook,Stationery,Islamabad,5,8.21,41.05,CUST0230
ORD0846,2025-08-09,Smartphone,Electronics,Karachi,2,569.52,1139.04,CUST0098
ORD0847,2025-05-02,Desk,Furniture,Rawalpindi,5,198.35,991.75,CUST0108
ORD0848,2025-10-15,Keyboard,Accessories,Islamabad,5,48.74,243.7,CUST0146
ORD0849,2025-08-17,Backpack,Bags,Islamabad,2,55.16,110.32,CUST0212
ORD0850,2025-04-16,Office Chair,Furniture,Lahore,3,182.14,546.42,CUST0299
ORD0851,2025-12-03,Laptop,Electronics,Peshawar,4,820.14,3280.56,CUST0214
ORD0852,2025-07-12,Backpack,Bags,Karachi,6,54.35,326.1,CUST0150
ORD0853,2025-01-03,Desk,Furniture,Peshawar,3,217.99,653.97,CUST0076
ORD0854,2025-04-23,Desk,Furniture,Lahore,6,228.27,1369.62,CUST0233
ORD0855,2025-05-05,Water Bottle,Lifestyle,Rawalpindi,7,18.26,127.82,CUST0047
ORD0856,2025-08-25,Keyboard,Accessories,Peshawar,7,44.25,309.75,CUST0074
ORD0857,2025-04-04,Notebook,Stationery,Peshawar,1,8.3,8.3,CUST0025
ORD0858,2025-09-23,Headphones,Electronics,Lahore,4,77.37,309.48,CUST0011
ORD0859,2025-07-28,Mouse,Accessories,Abbottabad,5,27.24,136.2,CUST0064
ORD0860,2025-02-23,Smartphone,Electronics,Lahore,4,498.95,1995.8,CUST0272
ORD0861,2025-07-06,Laptop,Electronics,Islamabad,3,831.79,2495.37,CUST0144
ORD0862,2025-08-27,Office Chair,Furniture,Islamabad,1,190.35,190.35,CUST0076
ORD0863,2025-11-11,Keyboard,Accessories,Lahore,7,40.56,283.92,CUST0283
ORD0864,2025-03-04,Backpack,Bags,Karachi,7,50.95,356.65,CUST0012
ORD0865,2025-10-19,Laptop,Electronics,Rawalpindi,7,803.13,5621.91,CUST0008
ORD0866,2025-10-11,Mouse,Accessories,Abbottabad,2,22.98,45.96,CUST0175
ORD0867,2025-09-27,Mouse,Accessories,Islamabad,6,23.9,143.4,CUST0071
ORD0868,2025-10-12,Keyboard,Accessories,Lahore,4,47.33,189.32,CUST0228
ORD0869,2025-01-21,Keyboard,Accessories,Rawalpindi,3,42.45,127.35,CUST0027
ORD0870,2025-10-08,Desk,Furniture,Abbottabad,4,222.09,888.36,CUST0164
ORD0871,2025-05-26,Smartphone,Electronics,Rawalpindi,6,508.81,3052.86,CUST0030
ORD0872,2025-11-14,Headphones,Electronics,Abbottabad,7,84.85,593.95,CUST0221
ORD0873,2025-11-25,Keyboard,Accessories,Lahore,6,43.54,261.24,CUST0038
ORD0874,2025-05-28,Office Chair,Furniture,Peshawar,4,186.21,744.84,CUST0288
ORD0875,2025-12-09,Keyboard,Accessories,Abbottabad,2,44.07,88.14,CUST0075
ORD0876,2025-10-27,Mouse,Accessories,Islamabad,6,25.86,155.16,CUST0077
ORD0877,2025-05-15,Notebook,Stationery,Karachi,1,7.45,7.45,CUST0147
ORD0878,2025-06-12,Notebook,Stationery,Peshawar,6,7.76,46.56,CUST0189
ORD0879,2025-11-18,Headphones,Electronics,Lahore,7,79.48,556.36,CUST0138
ORD0880,2025-09-30,Smartphone,Electronics,Abbottabad,2,531.33,1062.66,CUST0245
ORD0881,2025-12-07,Backpack,Bags,Karachi,1,50.92,50.92,CUST0095
ORD0882,2025-11-17,Laptop,Electronics,Karachi,1,848.68,848.68,CUST0181
ORD0883,2025-10-07,Notebook,Stationery,Karachi,7,7.6,53.2,CUST0108
ORD0884,2025-11-02,Headphones,Electronics,Lahore,2,76.61,153.22,CUST0195
ORD0885,2025-07-01,Headphones,Electronics,Islamabad,2,86.23,172.46,CUST0144
ORD0886,2025-03-25,Smartphone,Electronics,Abbottabad,4,495.15,1980.6,CUST0284
ORD0887,2025-10-25,Water Bottle,Lifestyle,Peshawar,5,19.86,99.3,CUST0042
ORD0888,2025-01-22,Mouse,Accessories,Peshawar,6,23.15,138.9,CUST0242
ORD0889,2025-03-30,Water Bottle,Lifestyle,Islamabad,2,18.73,37.46,CUST0012
ORD0890,2025-07-20,Backpack,Bags,Islamabad,1,54.62,54.62,CUST0226
ORD0891,2025-11-17,Keyboard,Accessories,Lahore,7,46.18,323.26,CUST0124
ORD0892,2025-06-08,Keyboard,Accessories,Peshawar,6,43.16,258.96,CUST0078
ORD0893,2025-04-11,Smartphone,Electronics,Karachi,5,583.66,2918.3,CUST0125
ORD0894,2025-11-30,Desk,Furniture,Rawalpindi,5,201.05,1005.25,CUST0146
ORD0895,2025-11-10,Backpack,Bags,Karachi,6,58.3,349.8,CUST0150
ORD0896,2025-01-22,Backpack,Bags,Abbottabad,6,57.36,344.16,CUST0127
ORD0897,2025-06-13,Keyboard,Accessories,Karachi,1,43.27,43.27,CUST0018
ORD0898,2025-12-31,Office Chair,Furniture,Lahore,3,171.13,513.39,CUST0187
ORD0899,2025-08-31,Mouse,Accessories,Abbottabad,4,24.13,96.52,CUST0231
ORD0900,2025-03-28,Office Chair,Furniture,Abbottabad,4,173.65,694.6,CUST0199
ORD0901,2025-02-13,Laptop,Electronics,Islamabad,1,843.31,843.31,CUST0261
ORD0902,2025-07-25,Keyboard,Accessories,Lahore,7,47.06,329.42,CUST0245
ORD0903,2025-04-20,Headphones,Electronics,Abbottabad,1,80.87,80.87,CUST0190
ORD0904,2025-10-18,Desk,Furniture,Rawalpindi,5,240.14,1200.7,CUST0201
ORD0905,2025-10-05,Office Chair,Furniture,Islamabad,7,181.76,1272.32,CUST0219
ORD0906,2025-12-09,Water Bottle,Lifestyle,Lahore,7,19.92,139.44,CUST0054
ORD0907,2025-08-06,Backpack,Bags,Lahore,3,55.35,166.05,CUST0020
ORD0908,2025-04-21,Headphones,Electronics,Peshawar,1,77.12,77.12,CUST0194
ORD0909,2025-04-22,Keyboard,Accessories,Lahore,6,45.83,274.98,CUST0161
ORD0910,2025-12-30,Headphones,Electronics,Karachi,4,74.05,296.2,CUST0212
ORD0911,2025-08-31,Keyboard,Accessories,Abbottabad,1,47.74,47.74,CUST0275
ORD0912,2025-05-21,Office Chair,Furniture,Rawalpindi,3,184.29,552.87,CUST0188
ORD0913,2025-04-21,Water Bottle,Lifestyle,Rawalpindi,6,19.23,115.38,CUST0043
ORD0914,2025-12-12,Headphones,Electronics,Lahore,4,80.82,323.28,CUST0026
ORD0915,2025-05-17,Desk,Furniture,Karachi,3,210.23,630.69,CUST0211
ORD0916,2025-09-24,Desk,Furniture,Islamabad,3,223.77,671.31,CUST0042
ORD0917,2025-08-18,Office Chair,Furniture,Peshawar,2,179.93,359.86,CUST0220
ORD0918,2025-02-21,Laptop,Electronics,Abbottabad,3,902.69,2708.07,CUST0263
ORD0919,2025-06-03,Desk,Furniture,Abbottabad,5,241.85,1209.25,CUST0140
ORD0920,2025-11-05,Headphones,Electronics,Peshawar,5,80.48,402.4,CUST0269
ORD0921,2025-04-26,Water Bottle,Lifestyle,Abbottabad,5,20.81,104.05,CUST0260
ORD0922,2025-01-11,Laptop,Electronics,Karachi,7,842.21,5895.47,CUST0215
ORD0923,2025-11-09,Desk,Furniture,Islamabad,2,223.72,447.44,CUST0054
ORD0924,2025-11-30,Headphones,Electronics,Lahore,1,80.09,80.09,CUST0286
ORD0925,2025-04-03,Laptop,Electronics,Rawalpindi,3,841.8,2525.4,CUST0079
ORD0926,2025-04-16,Backpack,Bags,Lahore,1,54.06,54.06,CUST0047
ORD0927,2025-11-16,Mouse,Accessories,Peshawar,6,25.74,154.44,CUST0007
ORD0928,2025-06-18,Office Chair,Furniture,Islamabad,1,196.36,196.36,CUST0138
ORD0929,2025-11-02,Water Bottle,Lifestyle,Abbottabad,7,20.1,140.7,CUST0161
ORD0930,2025-01-04,Laptop,Electronics,Peshawar,4,831.6,3326.4,CUST0132
ORD0931,2025-03-12,Office Chair,Furniture,Abbottabad,2,169.74,339.48,CUST0178
ORD0932,2025-09-10,Water Bottle,Lifestyle,Lahore,5,20.31,101.55,CUST0292
ORD0933,2025-10-10,Smartphone,Electronics,Abbottabad,4,503.72,2014.88,CUST0146
ORD0934,2025-01-31,Headphones,Electronics,Karachi,7,85.92,601.44,CUST0017
ORD0935,2025-02-08,Desk,Furniture,Peshawar,6,231.23,1387.38,CUST0132
ORD0936,2025-09-25,Office Chair,Furniture,Abbottabad,3,190.49,571.47,CUST0292
ORD0937,2025-09-10,Smartphone,Electronics,Peshawar,2,525.48,1050.96,CUST0087
ORD0938,2025-02-13,Notebook,Stationery,Abbottabad,5,7.83,39.15,CUST0019
ORD0939,2025-12-23,Mouse,Accessories,,2,25.4,50.8,CUST0249
ORD0940,2025-01-12,Notebook,Stationery,Abbottabad,1,7.44,7.44,CUST0155
ORD0941,2025-11-28,Desk,Furniture,Rawalpindi,1,236.45,236.45,CUST0161
ORD0942,2025-06-21,Mouse,Accessories,Abbottabad,7,25.55,178.85,CUST0274
ORD0943,2025-08-24,Headphones,Electronics,Abbottabad,7,86.44,605.08,CUST0186
ORD0944,2025-01-11,Laptop,Electronics,Karachi,4,773.22,3092.88,CUST0210
ORD0945,2025-01-22,Keyboard,Accessories,Islamabad,1,45.03,45.03,CUST0172
ORD0946,2025-07-04,Office Chair,Furniture,Rawalpindi,2,190.24,380.48,CUST0055
ORD0947,2025-06-28,Desk,Furniture,Peshawar,4,216.27,865.08,CUST0265
ORD0948,2025-08-03,Notebook,Stationery,Rawalpindi,5,8.51,42.55,CUST0042
ORD0949,2025-10-22,Mouse,Accessories,Islamabad,3,23.63,70.89,CUST0271
ORD0950,2025-12-05,Desk,Furniture,Islamabad,5,198.54,992.7,CUST0029
ORD0951,2025-10-21,Headphones,Electronics,Rawalpindi,6,78.16,468.96,CUST0147
ORD0952,2025-06-24,Headphones,Electronics,Karachi,7,75.11,525.77,CUST0179
ORD0953,2025-12-09,Mouse,Accessories,Rawalpindi,3,22.86,68.58,CUST0195
ORD0954,2025-11-23,Water Bottle,Lifestyle,Abbottabad,4,19.03,76.12,CUST0226
ORD0955,2025-01-01,Water Bottle,Lifestyle,Islamabad,6,20.17,121.02,CUST0208
ORD0956,2025-01-12,Backpack,Bags,Peshawar,1,50.35,50.35,CUST0188
ORD0957,2025-10-06,Notebook,Stationery,Lahore,6,8.03,48.18,CUST0134
ORD0958,2025-07-09,Mouse,Accessories,Rawalpindi,3,22.73,68.19,CUST0043
ORD0959,2025-04-02,Smartphone,Electronics,Lahore,3,495.46,1486.38,CUST0056
ORD0960,2025-03-09,Water Bottle,Lifestyle,Abbottabad,4,20.32,81.28,CUST0249
ORD0961,2025-01-06,Smartphone,Electronics,Abbottabad,3,601.46,1804.38,CUST0269
ORD0962,2025-12-04,Mouse,Accessories,Islamabad,1,22.75,22.75,CUST0066
ORD0963,2025-06-24,Notebook,Stationery,Karachi,7,7.38,51.66,CUST0114
ORD0964,2025-02-04,Water Bottle,Lifestyle,Rawalpindi,7,21.13,147.91,CUST0026
ORD0965,2025-08-21,Office Chair,Furniture,Peshawar,5,170.09,850.45,CUST0051
ORD0966,2025-10-02,Desk,Furniture,Islamabad,6,205.96,1235.76,CUST0076
ORD0967,2025-07-06,Desk,Furniture,Peshawar,4,216.48,865.92,CUST0028
ORD0968,2025-02-06,Keyboard,Accessories,Islamabad,5,42.13,210.65,CUST0099
ORD0969,2025-03-21,Smartphone,Electronics,Abbottabad,7,540.74,3785.18,CUST0126
ORD0970,2025-01-16,Desk,Furniture,Karachi,4,241.85,967.4,CUST0173
ORD0971,2025-08-02,Backpack,Bags,Rawalpindi,4,57.53,230.12,CUST0282
ORD0972,2025-03-06,Backpack,Bags,Abbottabad,5,60.41,302.05,CUST0151
ORD0973,2025-12-18,Headphones,Electronics,Abbottabad,7,79.74,558.18,CUST0077
ORD0974,2025-11-09,Smartphone,Electronics,Lahore,7,521.82,3652.74,CUST0088
ORD0975,2025-06-19,Headphones,Electronics,Islamabad,7,72.4,506.8,CUST0134
ORD0976,2025-10-14,Water Bottle,Lifestyle,Rawalpindi,5,20.27,101.35,CUST0090
ORD0977,2025-12-09,Backpack,Bags,Karachi,5,54.87,274.35,CUST0101
ORD0978,2025-01-28,Office Chair,Furniture,Peshawar,5,164.19,820.95,CUST0025
ORD0979,2025-11-27,Notebook,Stationery,Peshawar,2,7.86,15.72,CUST0038
ORD0980,2025-11-18,Office Chair,Furniture,Lahore,5,173.47,867.35,CUST0225
ORD0981,2025-08-29,Backpack,Bags,Karachi,3,56.38,169.14,CUST0237
ORD0982,2025-06-02,Headphones,Electronics,Rawalpindi,6,82.27,493.62,CUST0126
ORD0983,2025-08-09,Smartphone,Electronics,Lahore,1,529.77,529.77,CUST0211
ORD0984,2025-05-09,Water Bottle,Lifestyle,Islamabad,6,21.65,129.9,CUST0236
ORD0985,2025-12-11,Backpack,Bags,Rawalpindi,7,53.73,376.11,CUST0045
ORD0986,2025-12-18,Office Chair,Furniture,Peshawar,5,177.35,886.75,CUST0048
ORD0987,2025-01-30,Desk,Furniture,Peshawar,7,205.56,1438.92,CUST0244
ORD0988,2025-11-25,Smartphone,Electronics,Karachi,4,496.61,1986.44,CUST0191
ORD0989,2025-06-03,Backpack,Bags,Karachi,1,52.9,52.9,CUST0209
ORD0990,2025-09-04,Headphones,Electronics,Rawalpindi,1,86.18,86.18,CUST0276
ORD0991,2025-01-13,Smartphone,Electronics,Karachi,7,569.7,3987.9,CUST0109
ORD0992,2025-01-08,Notebook,Stationery,Lahore,5,7.66,38.3,CUST0191
ORD0993,2025-04-09,Water Bottle,Lifestyle,Rawalpindi,6,19.02,114.12,CUST0298
ORD0994,2025-03-15,Keyboard,Accessories,Karachi,5,46.57,232.85,CUST0073
ORD0995,2025-11-08,Keyboard,Accessories,Karachi,7,43.31,303.17,CUST0279
ORD0996,2025-06-06,Desk,Furniture,Abbottabad,7,201.68,1411.76,CUST0179
ORD0997,2025-10-14,Mouse,Accessories,Islamabad,7,23.26,162.82,CUST0276
ORD0998,2025-06-02,Desk,Furniture,Rawalpindi,1,206.03,206.03,CUST0122
ORD0999,2025-03-11,Desk,Furniture,Lahore,4,207.1,828.4,CUST0186
ORD1000,2025-12-06,Headphones,Electronics,Rawalpindi,2,75.31,150.62,CUST0214
ORD0779,2025-07-07,Office Chair,Furniture,Islamabad,3,188.5,565.5,CUST0270
ORD0335,2025-06-19,Notebook,Stationery,Peshawar,2,7.78,15.56,CUST0154
ORD0272,2025-08-02,Office Chair,Furniture,Abbottabad,1,167.79,167.79,CUST0117
ORD0803,2025-01-28,Office Chair,Furniture,Islamabad,3,168.92,506.76,CUST0038
ORD0217,2025-02-13,Smartphone,Electronics,Lahore,4,534.71,2138.84,CUST0017
ORD0409,2025-01-20,Laptop,Electronics,Lahore,6,799.42,4796.52,CUST0243
ORD0813,2025-04-15,Laptop,Electronics,Rawalpindi,7,843.61,5905.27,CUST0044
ORD0095,2025-10-19,Desk,Furniture,Abbottabad,1,224.04,224.04,CUST0252
ORD0488,2025-09-17,Desk,Furniture,Abbottabad,7,203.79,1426.53,CUST0076
ORD0171,2025-10-20,Keyboard,Accessories,Islamabad,4,47.61,190.44,CUST0092
